source_class,file,record_index,lane_raw,source_raw,source_id,targets,special_types,date,city,neighborhood,address,street,rooms,area_sqm,outdoor_area_sqm,floor,total_floors,property_type,deal_type,price,price_per_sqm,parking,storage,gush,helka,tat_helka,parcel_key,latitude,longitude,description,raw_preview
unknown,C:\Users\AVIV\gaba\gabay_pricing_core\project_dry_run_with_5room.json,1073,,,,7_plus_duplex | 7_plus_room | large_area_140_195 | special_property_type,duplex,,,,,,7.0,170.1,39.6,9.0,,duplex,,,,,,,,,,,,דופלקס,"{""unit_number"": ""38"", ""floor"": ""9-10"", ""rooms"": ""7.0"", ""internal_area"": ""170.1"", ""balcony_area"": ""39.6"", ""orientation"": ""מערב"", ""unit_type"": ""duplex"", ""notes"": ""דופלקס""}"
unknown,C:\Users\AVIV\gaba\gabay_pricing_core\project_dry_run_with_5room.json,1076,,,,7_plus_duplex | 7_plus_room | large_area_140_195 | special_property_type,duplex,,,,,,7.0,170.1,,,,,,,,,,,,,,,,דופלקס,"{""excel_row"": ""49"", ""floor"": ""סה\""כ"", ""unit_number"": ""38"", ""rooms"": ""7.0"", ""internal_area"": ""170.1"", ""orientation"": ""מערב"", ""notes"": ""דופלקס""}"
unknown,C:\Users\AVIV\gaba\gabay_pricing_core\project_dry_run_with_5room.json,1090,,,,large_area_140_195 | special_property_type,duplex,,,,,,5.0,158.6,39.6,9.0,,duplex,,,,,,,,,,,,דופלקס,"{""unit_number"": ""39"", ""floor"": ""9-10"", ""rooms"": ""5.0"", ""internal_area"": ""158.6"", ""balcony_area"": ""39.6"", ""unit_type"": ""duplex"", ""notes"": ""דופלקס""}"
sold,C:\Users\AVIV\gaba\gabay_pricing_core\qa_output_ashkelon\sold_primary_usable.json,131,,,10915309440,large_area_140_195,,2021-10-04,אשקלון,גולדה,עולי הגרדום 19,,5.0,140.0,,,,דירה בבית קומות,,1635000.0,11679.0,,,2843,34,1,2843-34,31.647863055879995,34.55544718968453,,"{""source_index"": ""65"", ""deal_date"": ""2021-10-04"", ""deal_amount"": ""1635000.0"", ""price_per_sqm"": ""11679.0"", ""address"": ""עולי הגרדום 19"", ""city"": ""אשקלון"", ""neighborhood"": ""גולדה"", ""rooms"": ""5.0"", ""floor"": ""קרקע ראשונה ושניה"", ""area"": ""140.0"", ""property_type"": ""דירה בבית קומות"", ""gush"": ""2843"", ""helka"": ""34"", ""tat_helka"": ""1"", ""asset_id"": ""10915309440"", ""latitude"": ""31.647863055879995"", ""longitude"": ""34.55544718968453"", ""scraped_at"": ""2026-09-04T18:19:03.328Z""}"
sold,C:\Users\AVIV\gaba\gabay_pricing_core\qa_output_ashkelon\sold_primary_usable.json,133,,,11175019650,large_area_140_195,,2024-07-11,אשקלון,האגמים,עין עברונה 9,,5.0,146.0,,,,דירה בבית קומות,,2145000.0,14692.0,,,2882,5,14,2882-5,31.647303165578975,34.56144928493107,,"{""source_index"": ""66"", ""deal_date"": ""2024-07-11"", ""deal_amount"": ""2145000.0"", ""price_per_sqm"": ""14692.0"", ""address"": ""עין עברונה 9"", ""city"": ""אשקלון"", ""neighborhood"": ""האגמים"", ""rooms"": ""5.0"", ""floor"": ""שניה, שלישית"", ""area"": ""146.0"", ""property_type"": ""דירה בבית קומות"", ""gush"": ""2882"", ""helka"": ""5"", ""tat_helka"": ""14"", ""asset_id"": ""11175019650"", ""latitude"": ""31.647303165578975"", ""longitude"": ""34.56144928493107"", ""scraped_at"": ""2026-09-04T18:19:03.519Z""}"
sold,C:\Users\AVIV\gaba\gabay_pricing_core\qa_output_ashkelon\sold_primary_usable.json,199,,,11340050490,large_area_140_195,,2025-12-08,אשקלון,גולדה,התקווה 1,,5.0,145.0,,,,דירה בבית קומות,,2070000.0,14276.0,,,2843,44,6,2843-44,31.6491533958462,34.555343723058236,,"{""source_index"": ""99"", ""deal_date"": ""2025-12-08"", ""deal_amount"": ""2070000.0"", ""price_per_sqm"": ""14276.0"", ""address"": ""התקווה 1"", ""city"": ""אשקלון"", ""neighborhood"": ""גולדה"", ""rooms"": ""5.0"", ""area"": ""145.0"", ""property_type"": ""דירה בבית קומות"", ""gush"": ""2843"", ""helka"": ""44"", ""tat_helka"": ""6"", ""asset_id"": ""11340050490"", ""latitude"": ""31.6491533958462"", ""longitude"": ""34.555343723058236"", ""scraped_at"": ""2026-09-04T18:19:04.710Z""}"
sold,C:\Users\AVIV\gaba\gabay_pricing_core\qa_output_ashkelon\sold_primary_usable.json,207,,,11070108720,large_area_140_195,,2022-12-28,אשקלון,גולדה,התקווה 1,,5.0,145.0,,1.0,,דירה בבית קומות,,1900000.0,13103.0,,,2843,44,4,2843-44,31.6491533958462,34.555343723058236,,"{""source_index"": ""103"", ""deal_date"": ""2022-12-28"", ""deal_amount"": ""1900000.0"", ""price_per_sqm"": ""13103.0"", ""address"": ""התקווה 1"", ""city"": ""אשקלון"", ""neighborhood"": ""גולדה"", ""rooms"": ""5.0"", ""floor"": ""1"", ""area"": ""145.0"", ""property_type"": ""דירה בבית קומות"", ""gush"": ""2843"", ""helka"": ""44"", ""tat_helka"": ""4"", ""asset_id"": ""11070108720"", ""latitude"": ""31.6491533958462"", ""longitude"": ""34.555343723058236"", ""scraped_at"": ""2026-09-04T18:19:04.710Z""}"
sold,C:\Users\AVIV\gaba\gabay_pricing_core\qa_output_ashkelon\sold_primary_usable.json,209,,,11070826650,large_area_140_195,,2022-12-12,אשקלון,גולדה,התקווה 3,,5.0,164.0,,1.0,,קוטג' דו משפחתי,,1650000.0,10061.0,,,2843,39,3,2843-39,31.64845093029257,34.555785329784264,,"{""source_index"": ""104"", ""deal_date"": ""2022-12-12"", ""deal_amount"": ""1650000.0"", ""price_per_sqm"": ""10061.0"", ""address"": ""התקווה 3"", ""city"": ""אשקלון"", ""neighborhood"": ""גולדה"", ""rooms"": ""5.0"", ""floor"": ""1"", ""area"": ""164.0"", ""property_type"": ""קוטג' דו משפחתי"", ""gush"": ""2843"", ""helka"": ""39"", ""tat_helka"": ""3"", ""asset_id"": ""11070826650"", ""latitude"": ""31.64845093029257"", ""longitude"": ""34.555785329784264"", ""scraped_at"": ""2026-09-04T18:19:04.710Z""}"
sold,C:\Users\AVIV\gaba\gabay_pricing_core\qa_output_ashkelon\sold_primary_usable.json,227,,,11341802070,large_area_140_195,,2026-01-19,אשקלון,האגמים,עמק חפר 33,,5.0,162.0,,5.0,,דירה בבית קומות,,3030000.0,18704.0,,,2883,15,38,2883-15,31.64809397574784,34.56407133896185,,"{""source_index"": ""113"", ""deal_date"": ""2026-01-19"", ""deal_amount"": ""3030000.0"", ""price_per_sqm"": ""18704.0"", ""address"": ""עמק חפר 33"", ""city"": ""אשקלון"", ""neighborhood"": ""האגמים"", ""rooms"": ""5.0"", ""floor"": ""5"", ""area"": ""162.0"", ""property_type"": ""דירה בבית קומות"", ""gush"": ""2883"", ""helka"": ""15"", ""tat_helka"": ""38"", ""asset_id"": ""11341802070"", ""latitude"": ""31.64809397574784"", ""longitude"": ""34.56407133896185"", ""scraped_at"": ""2026-09-04T18:19:04.713Z""}"
sold,C:\Users\AVIV\gaba\gabay_pricing_core\qa_output_ashkelon\sold_primary_usable.json,319,,,11173691250,large_area_140_195,,2024-06-13,אשקלון,האגמים,עמק חפר 17,,5.0,182.0,,,,דירה בבית קומות,,2150000.0,11813.0,,,2882,10,10,2882-10,31.64673062205135,34.56188709728447,,"{""source_index"": ""160"", ""deal_date"": ""2024-06-13"", ""deal_amount"": ""2150000.0"", ""price_per_sqm"": ""11813.0"", ""address"": ""עמק חפר 17"", ""city"": ""אשקלון"", ""neighborhood"": ""האגמים"", ""rooms"": ""5.0"", ""floor"": ""רביעית, חמישית"", ""area"": ""182.0"", ""property_type"": ""דירה בבית קומות"", ""gush"": ""2882"", ""helka"": ""10"", ""tat_helka"": ""10"", ""asset_id"": ""11173691250"", ""latitude"": ""31.64673062205135"", ""longitude"": ""34.56188709728447"", ""scraped_at"": ""2026-09-04T18:19:04.921Z""}"
sold,C:\Users\AVIV\gaba\gabay_pricing_core\qa_output_ashkelon\sold_primary_usable.json,323,,,11071704510,large_area_140_195,,2023-01-18,אשקלון,האגמים,עמק חפר 17,,5.0,182.0,,,,דירה בבית קומות,,2200000.0,12088.0,,,2882,10,10,2882-10,31.64673062205135,34.56188709728447,,"{""source_index"": ""162"", ""deal_date"": ""2023-01-18"", ""deal_amount"": ""2200000.0"", ""price_per_sqm"": ""12088.0"", ""address"": ""עמק חפר 17"", ""city"": ""אשקלון"", ""neighborhood"": ""האגמים"", ""rooms"": ""5.0"", ""floor"": ""רביעית, חמישית"", ""area"": ""182.0"", ""property_type"": ""דירה בבית קומות"", ""gush"": ""2882"", ""helka"": ""10"", ""tat_helka"": ""10"", ""asset_id"": ""11071704510"", ""latitude"": ""31.64673062205135"", ""longitude"": ""34.56188709728447"", ""scraped_at"": ""2026-09-04T18:19:04.921Z""}"
sold,C:\Users\AVIV\gaba\gabay_pricing_core\qa_output_ashkelon\sold_primary_usable.json,423,,,10991650950,large_area_140_195,,2022-04-11,אשקלון,האגמים,עמק חפר 9,,5.0,143.0,,,,דירה בבית קומות,,2100000.0,14685.0,,,2882,9,40,2882-9,31.64653428008991,34.56007902803918,,"{""source_index"": ""213"", ""deal_date"": ""2022-04-11"", ""deal_amount"": ""2100000.0"", ""price_per_sqm"": ""14685.0"", ""address"": ""עמק חפר 9"", ""city"": ""אשקלון"", ""neighborhood"": ""האגמים"", ""rooms"": ""5.0"", ""floor"": ""רביעית, חמישית"", ""area"": ""143.0"", ""property_type"": ""דירה בבית קומות"", ""gush"": ""2882"", ""helka"": ""9"", ""tat_helka"": ""40"", ""asset_id"": ""10991650950"", ""latitude"": ""31.64653428008991"", ""longitude"": ""34.56007902803918"", ""scraped_at"": ""2026-09-04T18:19:05.202Z""}"
sold,C:\Users\AVIV\gaba\gabay_pricing_core\qa_output_ashkelon\sold_primary_usable.json,447,,,10983287520,large_area_140_195,,2022-01-27,אשקלון,האגמים,עמק חפר 33,,5.0,143.0,,1.0,,דירה בבית קומות,,1700000.0,11888.0,,,2883,15,27,2883-15,31.64809397574784,34.56407133896185,,"{""source_index"": ""225"", ""deal_date"": ""2022-01-27"", ""deal_amount"": ""1700000.0"", ""price_per_sqm"": ""11888.0"", ""address"": ""עמק חפר 33"", ""city"": ""אשקלון"", ""neighborhood"": ""האגמים"", ""rooms"": ""5.0"", ""floor"": ""1"", ""area"": ""143.0"", ""property_type"": ""דירה בבית קומות"", ""gush"": ""2883"", ""helka"": ""15"", ""tat_helka"": ""27"", ""asset_id"": ""10983287520"", ""latitude"": ""31.64809397574784"", ""longitude"": ""34.56407133896185"", ""scraped_at"": ""2026-09-04T18:19:05.203Z""}"
sold,C:\Users\AVIV\gaba\gabay_pricing_core\qa_output_ashkelon\sold_primary_usable.json,563,,,11175848100,large_area_140_195 | special_property_type,roof,2024-07-21,אשקלון,האגמים,עמק יזרעאל 28,,5.0,157.0,,9.0,,דירת גג,,2270000.0,14459.0,,,2883,29,36,2883-29,31.64971700796832,34.56255215512025,,"{""source_index"": ""375"", ""deal_date"": ""2024-07-21"", ""deal_amount"": ""2270000.0"", ""price_per_sqm"": ""14459.0"", ""address"": ""עמק יזרעאל 28"", ""city"": ""אשקלון"", ""neighborhood"": ""האגמים"", ""rooms"": ""5.0"", ""floor"": ""קומה ‎9‏, קומה ‎10‏"", ""area"": ""157.0"", ""property_type"": ""דירת גג"", ""gush"": ""2883"", ""helka"": ""29"", ""tat_helka"": ""36"", ""asset_id"": ""11175848100"", ""latitude"": ""31.64971700796832"", ""longitude"": ""34.56255215512025"", ""scraped_at"": ""2026-09-04T18:19:05.912Z""}"
sold,C:\Users\AVIV\gaba\gabay_pricing_core\qa_output_ashkelon\sold_review.json,1,,,11276813610,large_area_140_195 | special_property_type,roof,2025-10-23,אשקלון,האגמים,עמק חפר 11,,5.0,147.0,,,,דירת גג,,1105000.0,7517.0,,,2882,9,29,2882-9,31.64667239461572,34.560254109325975,,"{""source_index"": ""146"", ""deal_date"": ""2025-10-23"", ""deal_amount"": ""1105000.0"", ""price_per_sqm"": ""7517.0"", ""address"": ""עמק חפר 11"", ""city"": ""אשקלון"", ""neighborhood"": ""האגמים"", ""rooms"": ""5.0"", ""floor"": ""רביעית, חמישית"", ""area"": ""147.0"", ""property_type"": ""דירת גג"", ""gush"": ""2882"", ""helka"": ""9"", ""tat_helka"": ""29"", ""asset_id"": ""11276813610"", ""latitude"": ""31.64667239461572"", ""longitude"": ""34.560254109325975"", ""scraped_at"": ""2026-09-04T18:19:04.852Z""}"
sold,C:\Users\AVIV\gaba\gabay_pricing_core\qa_output_ashkelon\sold_review.json,3,,,11177303490,large_area_140_195,,2024-08-04,אשקלון,האגמים,עמק חפר 9,,5.0,173.0,,,,דירה בבית קומות,,1100000.0,6358.0,,,2882,9,39,2882-9,31.64653428008991,34.56007902803918,,"{""source_index"": ""171"", ""deal_date"": ""2024-08-04"", ""deal_amount"": ""1100000.0"", ""price_per_sqm"": ""6358.0"", ""address"": ""עמק חפר 9"", ""city"": ""אשקלון"", ""neighborhood"": ""האגמים"", ""rooms"": ""5.0"", ""floor"": ""רביעית, חמישית"", ""area"": ""173.0"", ""property_type"": ""דירה בבית קומות"", ""gush"": ""2882"", ""helka"": ""9"", ""tat_helka"": ""39"", ""asset_id"": ""11177303490"", ""latitude"": ""31.64653428008991"", ""longitude"": ""34.56007902803918"", ""scraped_at"": ""2026-09-04T18:19:05.007Z""}"
sold,C:\Users\AVIV\gaba\gabay_pricing_core\qa_output_ashkelon\sold_review.json,19,,,11358945336,large_area_140_195,,2026-05-13,אשקלון,גבעת ציון,עמק יזרעאל 99,,5.0,152.0,,8.0,,,,2772693.0,18241.0,,,1475,6,28,1475-6,31.649263595171888,34.57601278906968,,"{""source_index"": ""249"", ""deal_date"": ""2026-05-13"", ""deal_amount"": ""2772693.0"", ""price_per_sqm"": ""18241.0"", ""address"": ""עמק יזרעאל 99"", ""city"": ""אשקלון"", ""neighborhood"": ""גבעת ציון"", ""rooms"": ""5.0"", ""floor"": ""8"", ""area"": ""152.0"", ""gush"": ""1475"", ""helka"": ""6"", ""tat_helka"": ""28"", ""asset_id"": ""11358945336"", ""latitude"": ""31.649263595171888"", ""longitude"": ""34.57601278906968"", ""scraped_at"": ""2026-09-04T18:19:05.406Z""}"
sold,C:\Users\AVIV\gaba\gabay_pricing_core\qa_output_ashkelon\sold_review.json,23,,,11358945318,large_area_140_195,,2026-05-04,אשקלון,גבעת ציון,עמק יזרעאל 99,,5.0,152.0,,8.0,,,,2750000.0,18092.0,,,1475,6,11,1475-6,31.649263595171888,34.57601278906968,,"{""source_index"": ""251"", ""deal_date"": ""2026-05-04"", ""deal_amount"": ""2750000.0"", ""price_per_sqm"": ""18092.0"", ""address"": ""עמק יזרעאל 99"", ""city"": ""אשקלון"", ""neighborhood"": ""גבעת ציון"", ""rooms"": ""5.0"", ""floor"": ""8"", ""area"": ""152.0"", ""gush"": ""1475"", ""helka"": ""6"", ""tat_helka"": ""11"", ""asset_id"": ""11358945318"", ""latitude"": ""31.649263595171888"", ""longitude"": ""34.57601278906968"", ""scraped_at"": ""2026-09-04T18:19:05.406Z""}"
sold,C:\Users\AVIV\gaba\gabay_pricing_core\qa_output_ashkelon\sold_review.json,31,,,11358945328,large_area_140_195,,2026-03-07,אשקלון,גבעת ציון,עמק יזרעאל 99,,5.0,158.0,,8.0,,,,2750000.0,17405.0,,,1475,6,20,1475-6,31.649263595171888,34.57601278906968,,"{""source_index"": ""258"", ""deal_date"": ""2026-03-07"", ""deal_amount"": ""2750000.0"", ""price_per_sqm"": ""17405.0"", ""address"": ""עמק יזרעאל 99"", ""city"": ""אשקלון"", ""neighborhood"": ""גבעת ציון"", ""rooms"": ""5.0"", ""floor"": ""8"", ""area"": ""158.0"", ""gush"": ""1475"", ""helka"": ""6"", ""tat_helka"": ""20"", ""asset_id"": ""11358945328"", ""latitude"": ""31.649263595171888"", ""longitude"": ""34.57601278906968"", ""scraped_at"": ""2026-09-04T18:19:05.407Z""}"
sold,C:\Users\AVIV\gaba\gabay_pricing_core\qa_output_ashkelon\sold_review.json,83,,,11358945341,large_area_140_195,,2025-07-14,אשקלון,גבעת ציון,עמק יזרעאל 99,,5.0,158.0,,8.0,,,,2859676.0,18099.0,,,1475,6,32,1475-6,31.649263595171888,34.57601278906968,,"{""source_index"": ""299"", ""deal_date"": ""2025-07-14"", ""deal_amount"": ""2859676.0"", ""price_per_sqm"": ""18099.0"", ""address"": ""עמק יזרעאל 99"", ""city"": ""אשקלון"", ""neighborhood"": ""גבעת ציון"", ""rooms"": ""5.0"", ""floor"": ""8"", ""area"": ""158.0"", ""gush"": ""1475"", ""helka"": ""6"", ""tat_helka"": ""32"", ""asset_id"": ""11358945341"", ""latitude"": ""31.649263595171888"", ""longitude"": ""34.57601278906968"", ""scraped_at"": ""2026-09-04T18:19:05.503Z""}"
unknown,C:\Users\AVIV\gaba\gabay_pricing_core\special_unit_data_audit\all_special_candidates.csv,57,,,,large_area_140_195 | special_property_type,duplex,,,,,,5.0,158.6,,9.0,,,,,,,,,,,,,,דופלקס,"{""source_class"": ""new_project"", ""file"": ""C:\\Users\\AVIV\\gaba\\gabay_pricing_core\\project_dry_run.json"", ""record_index"": ""1106"", ""targets"": ""large_area_140_195 | special_property_type"", ""special_types"": ""duplex"", ""rooms"": ""5.0"", ""area_sqm"": ""158.6"", ""outdoor_area_sqm"": ""39.6"", ""floor"": ""9.0"", ""description"": ""דופלקס"", ""raw_preview"": ""{\""unit_number\"": \""39\"", \""floor\"": \""9-10\"", \""rooms\"": \""5.0\"", \""internal_area\"": \""158.6\"", \""balcony_area\"": \""39.6\"", \""unit_type\"": \""duplex\"", \""notes\"": \""דופלקס\""}""}"
unknown,C:\Users\AVIV\gaba\gabay_pricing_core\special_unit_data_audit\all_special_candidates.csv,112,,,,large_area_140_195,,2021-10-04,אשקלון,גולדה,עולי הגרדום 19,,5.0,140.0,,,,דירה בבית קומות,,,11679.0,,,,,,,,,,"{""source_class"": ""unknown"", ""file"": ""C:\\Users\\AVIV\\gaba\\gabay_pricing_core\\qa_output_ashkelon\\sold_primary_usable.json"", ""record_index"": ""131"", ""targets"": ""large_area_140_195"", ""date"": ""2021-10-04"", ""city"": ""אשקלון"", ""neighborhood"": ""גולדה"", ""address"": ""עולי הגרדום 19"", ""rooms"": ""5.0"", ""area_sqm"": ""140.0"", ""property_type"": ""דירה בבית קומות"", ""price_per_sqm"": ""11679.0"", ""raw_preview"": ""{\""source_index\"": \""65\"", \""deal_date\"": \""2021-10-04\"", \""deal_amount\"": \""1635000.0\"", \""price_per_sqm\"": \""11679.0\"", \""address\"": \""עולי הגרדום 19\"", \""city\"": \""אשקלון\"", \""neighborhood\"": \""גולדה\"", \""rooms\"": \""5.0\"", \""floor\"": \""קרקע ראשונה ושניה\"", \""area\"": \""140.0\"", \""property_type\"": \""דירה בבית קומות\"", \""gush\"": \""2843\"", \""helka\"": \""34\"", \""tat_helka\"": \""1\"", \""asset_id\"": \""10915309440\"", \""latitude\"": \""31.647863055879995\"", \""longitude\"": ...""}"
unknown,C:\Users\AVIV\gaba\gabay_pricing_core\special_unit_data_audit\all_special_candidates.csv,113,,,,large_area_140_195,,2024-07-11,אשקלון,האגמים,עין עברונה 9,,5.0,146.0,,,,דירה בבית קומות,,,14692.0,,,,,,,,,,"{""source_class"": ""unknown"", ""file"": ""C:\\Users\\AVIV\\gaba\\gabay_pricing_core\\qa_output_ashkelon\\sold_primary_usable.json"", ""record_index"": ""133"", ""targets"": ""large_area_140_195"", ""date"": ""2024-07-11"", ""city"": ""אשקלון"", ""neighborhood"": ""האגמים"", ""address"": ""עין עברונה 9"", ""rooms"": ""5.0"", ""area_sqm"": ""146.0"", ""property_type"": ""דירה בבית קומות"", ""price_per_sqm"": ""14692.0"", ""raw_preview"": ""{\""source_index\"": \""66\"", \""deal_date\"": \""2024-07-11\"", \""deal_amount\"": \""2145000.0\"", \""price_per_sqm\"": \""14692.0\"", \""address\"": \""עין עברונה 9\"", \""city\"": \""אשקלון\"", \""neighborhood\"": \""האגמים\"", \""rooms\"": \""5.0\"", \""floor\"": \""שניה, שלישית\"", \""area\"": \""146.0\"", \""property_type\"": \""דירה בבית קומות\"", \""gush\"": \""2882\"", \""helka\"": \""5\"", \""tat_helka\"": \""14\"", \""asset_id\"": \""11175019650\"", \""latitude\"": \""31.647303165578975\"", \""longitude\"": \""34.56...""}"
unknown,C:\Users\AVIV\gaba\gabay_pricing_core\special_unit_data_audit\all_special_candidates.csv,120,,,,large_area_140_195,,2025-12-08,אשקלון,גולדה,התקווה 1,,5.0,145.0,,,,דירה בבית קומות,,,14276.0,,,,,,,,,,"{""source_class"": ""unknown"", ""file"": ""C:\\Users\\AVIV\\gaba\\gabay_pricing_core\\qa_output_ashkelon\\sold_primary_usable.json"", ""record_index"": ""199"", ""targets"": ""large_area_140_195"", ""date"": ""2025-12-08"", ""city"": ""אשקלון"", ""neighborhood"": ""גולדה"", ""address"": ""התקווה 1"", ""rooms"": ""5.0"", ""area_sqm"": ""145.0"", ""property_type"": ""דירה בבית קומות"", ""price_per_sqm"": ""14276.0"", ""raw_preview"": ""{\""source_index\"": \""99\"", \""deal_date\"": \""2025-12-08\"", \""deal_amount\"": \""2070000.0\"", \""price_per_sqm\"": \""14276.0\"", \""address\"": \""התקווה 1\"", \""city\"": \""אשקלון\"", \""neighborhood\"": \""גולדה\"", \""rooms\"": \""5.0\"", \""area\"": \""145.0\"", \""property_type\"": \""דירה בבית קומות\"", \""gush\"": \""2843\"", \""helka\"": \""44\"", \""tat_helka\"": \""6\"", \""asset_id\"": \""11340050490\"", \""latitude\"": \""31.6491533958462\"", \""longitude\"": \""34.555343723058236\"", \""scraped_at\"": \""2...""}"
unknown,C:\Users\AVIV\gaba\gabay_pricing_core\special_unit_data_audit\all_special_candidates.csv,121,,,,large_area_140_195,,2022-12-28,אשקלון,גולדה,התקווה 1,,5.0,145.0,,1.0,,דירה בבית קומות,,,13103.0,,,,,,,,,,"{""source_class"": ""unknown"", ""file"": ""C:\\Users\\AVIV\\gaba\\gabay_pricing_core\\qa_output_ashkelon\\sold_primary_usable.json"", ""record_index"": ""207"", ""targets"": ""large_area_140_195"", ""date"": ""2022-12-28"", ""city"": ""אשקלון"", ""neighborhood"": ""גולדה"", ""address"": ""התקווה 1"", ""rooms"": ""5.0"", ""area_sqm"": ""145.0"", ""floor"": ""1.0"", ""property_type"": ""דירה בבית קומות"", ""price_per_sqm"": ""13103.0"", ""raw_preview"": ""{\""source_index\"": \""103\"", \""deal_date\"": \""2022-12-28\"", \""deal_amount\"": \""1900000.0\"", \""price_per_sqm\"": \""13103.0\"", \""address\"": \""התקווה 1\"", \""city\"": \""אשקלון\"", \""neighborhood\"": \""גולדה\"", \""rooms\"": \""5.0\"", \""floor\"": \""1\"", \""area\"": \""145.0\"", \""property_type\"": \""דירה בבית קומות\"", \""gush\"": \""2843\"", \""helka\"": \""44\"", \""tat_helka\"": \""4\"", \""asset_id\"": \""11070108720\"", \""latitude\"": \""31.6491533958462\"", \""longitude\"": \""34.555343723058236\"", \""...""}"
unknown,C:\Users\AVIV\gaba\gabay_pricing_core\special_unit_data_audit\all_special_candidates.csv,122,,,,large_area_140_195,,2022-12-12,אשקלון,גולדה,התקווה 3,,5.0,164.0,,1.0,,קוטג' דו משפחתי,,,10061.0,,,,,,,,,,"{""source_class"": ""unknown"", ""file"": ""C:\\Users\\AVIV\\gaba\\gabay_pricing_core\\qa_output_ashkelon\\sold_primary_usable.json"", ""record_index"": ""209"", ""targets"": ""large_area_140_195"", ""date"": ""2022-12-12"", ""city"": ""אשקלון"", ""neighborhood"": ""גולדה"", ""address"": ""התקווה 3"", ""rooms"": ""5.0"", ""area_sqm"": ""164.0"", ""floor"": ""1.0"", ""property_type"": ""קוטג' דו משפחתי"", ""price_per_sqm"": ""10061.0"", ""raw_preview"": ""{\""source_index\"": \""104\"", \""deal_date\"": \""2022-12-12\"", \""deal_amount\"": \""1650000.0\"", \""price_per_sqm\"": \""10061.0\"", \""address\"": \""התקווה 3\"", \""city\"": \""אשקלון\"", \""neighborhood\"": \""גולדה\"", \""rooms\"": \""5.0\"", \""floor\"": \""1\"", \""area\"": \""164.0\"", \""property_type\"": \""קוטג' דו משפחתי\"", \""gush\"": \""2843\"", \""helka\"": \""39\"", \""tat_helka\"": \""3\"", \""asset_id\"": \""11070826650\"", \""latitude\"": \""31.64845093029257\"", \""longitude\"": \""34.555785329784264\"", ...""}"
unknown,C:\Users\AVIV\gaba\gabay_pricing_core\special_unit_data_audit\all_special_candidates.csv,126,,,,large_area_140_195,,2026-01-19,אשקלון,האגמים,עמק חפר 33,,5.0,162.0,,5.0,,דירה בבית קומות,,,18704.0,,,,,,,,,,"{""source_class"": ""unknown"", ""file"": ""C:\\Users\\AVIV\\gaba\\gabay_pricing_core\\qa_output_ashkelon\\sold_primary_usable.json"", ""record_index"": ""227"", ""targets"": ""large_area_140_195"", ""date"": ""2026-01-19"", ""city"": ""אשקלון"", ""neighborhood"": ""האגמים"", ""address"": ""עמק חפר 33"", ""rooms"": ""5.0"", ""area_sqm"": ""162.0"", ""floor"": ""5.0"", ""property_type"": ""דירה בבית קומות"", ""price_per_sqm"": ""18704.0"", ""raw_preview"": ""{\""source_index\"": \""113\"", \""deal_date\"": \""2026-01-19\"", \""deal_amount\"": \""3030000.0\"", \""price_per_sqm\"": \""18704.0\"", \""address\"": \""עמק חפר 33\"", \""city\"": \""אשקלון\"", \""neighborhood\"": \""האגמים\"", \""rooms\"": \""5.0\"", \""floor\"": \""5\"", \""area\"": \""162.0\"", \""property_type\"": \""דירה בבית קומות\"", \""gush\"": \""2883\"", \""helka\"": \""15\"", \""tat_helka\"": \""38\"", \""asset_id\"": \""11341802070\"", \""latitude\"": \""31.64809397574784\"", \""longitude\"": \""34.56407133896185...""}"
unknown,C:\Users\AVIV\gaba\gabay_pricing_core\special_unit_data_audit\all_special_candidates.csv,130,,,,large_area_140_195,,2024-06-13,אשקלון,האגמים,עמק חפר 17,,5.0,182.0,,,,דירה בבית קומות,,,11813.0,,,,,,,,,,"{""source_class"": ""unknown"", ""file"": ""C:\\Users\\AVIV\\gaba\\gabay_pricing_core\\qa_output_ashkelon\\sold_primary_usable.json"", ""record_index"": ""319"", ""targets"": ""large_area_140_195"", ""date"": ""2024-06-13"", ""city"": ""אשקלון"", ""neighborhood"": ""האגמים"", ""address"": ""עמק חפר 17"", ""rooms"": ""5.0"", ""area_sqm"": ""182.0"", ""property_type"": ""דירה בבית קומות"", ""price_per_sqm"": ""11813.0"", ""raw_preview"": ""{\""source_index\"": \""160\"", \""deal_date\"": \""2024-06-13\"", \""deal_amount\"": \""2150000.0\"", \""price_per_sqm\"": \""11813.0\"", \""address\"": \""עמק חפר 17\"", \""city\"": \""אשקלון\"", \""neighborhood\"": \""האגמים\"", \""rooms\"": \""5.0\"", \""floor\"": \""רביעית, חמישית\"", \""area\"": \""182.0\"", \""property_type\"": \""דירה בבית קומות\"", \""gush\"": \""2882\"", \""helka\"": \""10\"", \""tat_helka\"": \""10\"", \""asset_id\"": \""11173691250\"", \""latitude\"": \""31.64673062205135\"", \""longitude\"": \""34.5...""}"
unknown,C:\Users\AVIV\gaba\gabay_pricing_core\special_unit_data_audit\all_special_candidates.csv,131,,,,large_area_140_195,,2023-01-18,אשקלון,האגמים,עמק חפר 17,,5.0,182.0,,,,דירה בבית קומות,,,12088.0,,,,,,,,,,"{""source_class"": ""unknown"", ""file"": ""C:\\Users\\AVIV\\gaba\\gabay_pricing_core\\qa_output_ashkelon\\sold_primary_usable.json"", ""record_index"": ""323"", ""targets"": ""large_area_140_195"", ""date"": ""2023-01-18"", ""city"": ""אשקלון"", ""neighborhood"": ""האגמים"", ""address"": ""עמק חפר 17"", ""rooms"": ""5.0"", ""area_sqm"": ""182.0"", ""property_type"": ""דירה בבית קומות"", ""price_per_sqm"": ""12088.0"", ""raw_preview"": ""{\""source_index\"": \""162\"", \""deal_date\"": \""2023-01-18\"", \""deal_amount\"": \""2200000.0\"", \""price_per_sqm\"": \""12088.0\"", \""address\"": \""עמק חפר 17\"", \""city\"": \""אשקלון\"", \""neighborhood\"": \""האגמים\"", \""rooms\"": \""5.0\"", \""floor\"": \""רביעית, חמישית\"", \""area\"": \""182.0\"", \""property_type\"": \""דירה בבית קומות\"", \""gush\"": \""2882\"", \""helka\"": \""10\"", \""tat_helka\"": \""10\"", \""asset_id\"": \""11071704510\"", \""latitude\"": \""31.64673062205135\"", \""longitude\"": \""34.5...""}"
unknown,C:\Users\AVIV\gaba\gabay_pricing_core\special_unit_data_audit\all_special_candidates.csv,138,,,,large_area_140_195,,2022-04-11,אשקלון,האגמים,עמק חפר 9,,5.0,143.0,,,,דירה בבית קומות,,,14685.0,,,,,,,,,,"{""source_class"": ""unknown"", ""file"": ""C:\\Users\\AVIV\\gaba\\gabay_pricing_core\\qa_output_ashkelon\\sold_primary_usable.json"", ""record_index"": ""423"", ""targets"": ""large_area_140_195"", ""date"": ""2022-04-11"", ""city"": ""אשקלון"", ""neighborhood"": ""האגמים"", ""address"": ""עמק חפר 9"", ""rooms"": ""5.0"", ""area_sqm"": ""143.0"", ""property_type"": ""דירה בבית קומות"", ""price_per_sqm"": ""14685.0"", ""raw_preview"": ""{\""source_index\"": \""213\"", \""deal_date\"": \""2022-04-11\"", \""deal_amount\"": \""2100000.0\"", \""price_per_sqm\"": \""14685.0\"", \""address\"": \""עמק חפר 9\"", \""city\"": \""אשקלון\"", \""neighborhood\"": \""האגמים\"", \""rooms\"": \""5.0\"", \""floor\"": \""רביעית, חמישית\"", \""area\"": \""143.0\"", \""property_type\"": \""דירה בבית קומות\"", \""gush\"": \""2882\"", \""helka\"": \""9\"", \""tat_helka\"": \""40\"", \""asset_id\"": \""10991650950\"", \""latitude\"": \""31.64653428008991\"", \""longitude\"": \""34.560...""}"
unknown,C:\Users\AVIV\gaba\gabay_pricing_core\special_unit_data_audit\all_special_candidates.csv,140,,,,large_area_140_195,,2022-01-27,אשקלון,האגמים,עמק חפר 33,,5.0,143.0,,1.0,,דירה בבית קומות,,,11888.0,,,,,,,,,,"{""source_class"": ""unknown"", ""file"": ""C:\\Users\\AVIV\\gaba\\gabay_pricing_core\\qa_output_ashkelon\\sold_primary_usable.json"", ""record_index"": ""447"", ""targets"": ""large_area_140_195"", ""date"": ""2022-01-27"", ""city"": ""אשקלון"", ""neighborhood"": ""האגמים"", ""address"": ""עמק חפר 33"", ""rooms"": ""5.0"", ""area_sqm"": ""143.0"", ""floor"": ""1.0"", ""property_type"": ""דירה בבית קומות"", ""price_per_sqm"": ""11888.0"", ""raw_preview"": ""{\""source_index\"": \""225\"", \""deal_date\"": \""2022-01-27\"", \""deal_amount\"": \""1700000.0\"", \""price_per_sqm\"": \""11888.0\"", \""address\"": \""עמק חפר 33\"", \""city\"": \""אשקלון\"", \""neighborhood\"": \""האגמים\"", \""rooms\"": \""5.0\"", \""floor\"": \""1\"", \""area\"": \""143.0\"", \""property_type\"": \""דירה בבית קומות\"", \""gush\"": \""2883\"", \""helka\"": \""15\"", \""tat_helka\"": \""27\"", \""asset_id\"": \""10983287520\"", \""latitude\"": \""31.64809397574784\"", \""longitude\"": \""34.56407133896185...""}"
unknown,C:\Users\AVIV\gaba\gabay_pricing_core\special_unit_data_audit\all_special_candidates.csv,144,,,,large_area_140_195 | special_property_type,roof,2024-07-21,אשקלון,האגמים,עמק יזרעאל 28,,5.0,157.0,,9.0,,דירת גג,,,14459.0,,,,,,,,,,"{""source_class"": ""unknown"", ""file"": ""C:\\Users\\AVIV\\gaba\\gabay_pricing_core\\qa_output_ashkelon\\sold_primary_usable.json"", ""record_index"": ""563"", ""targets"": ""large_area_140_195 | special_property_type"", ""special_types"": ""roof"", ""date"": ""2024-07-21"", ""city"": ""אשקלון"", ""neighborhood"": ""האגמים"", ""address"": ""עמק יזרעאל 28"", ""rooms"": ""5.0"", ""area_sqm"": ""157.0"", ""floor"": ""9.0"", ""property_type"": ""דירת גג"", ""price_per_sqm"": ""14459.0"", ""raw_preview"": ""{\""source_index\"": \""375\"", \""deal_date\"": \""2024-07-21\"", \""deal_amount\"": \""2270000.0\"", \""price_per_sqm\"": \""14459.0\"", \""address\"": \""עמק יזרעאל 28\"", \""city\"": \""אשקלון\"", \""neighborhood\"": \""האגמים\"", \""rooms\"": \""5.0\"", \""floor\"": \""קומה ‎9‏, קומה ‎10‏\"", \""area\"": \""157.0\"", \""property_type\"": \""דירת גג\"", \""gush\"": \""2883\"", \""helka\"": \""29\"", \""tat_helka\"": \""36\"", \""asset_id\"": \""11175848100\"", \""latitude\"": \""31.64971700796832\"", \""longitude\"": \""34.5...""}"
unknown,C:\Users\AVIV\gaba\gabay_pricing_core\special_unit_data_audit\all_special_candidates.csv,145,,,,large_area_140_195 | special_property_type,roof,2025-10-23,אשקלון,האגמים,עמק חפר 11,,5.0,147.0,,,,דירת גג,,,7517.0,,,,,,,,,,"{""source_class"": ""unknown"", ""file"": ""C:\\Users\\AVIV\\gaba\\gabay_pricing_core\\qa_output_ashkelon\\sold_review.json"", ""record_index"": ""1"", ""targets"": ""large_area_140_195 | special_property_type"", ""special_types"": ""roof"", ""date"": ""2025-10-23"", ""city"": ""אשקלון"", ""neighborhood"": ""האגמים"", ""address"": ""עמק חפר 11"", ""rooms"": ""5.0"", ""area_sqm"": ""147.0"", ""property_type"": ""דירת גג"", ""price_per_sqm"": ""7517.0"", ""raw_preview"": ""{\""source_index\"": \""146\"", \""deal_date\"": \""2025-10-23\"", \""deal_amount\"": \""1105000.0\"", \""price_per_sqm\"": \""7517.0\"", \""address\"": \""עמק חפר 11\"", \""city\"": \""אשקלון\"", \""neighborhood\"": \""האגמים\"", \""rooms\"": \""5.0\"", \""floor\"": \""רביעית, חמישית\"", \""area\"": \""147.0\"", \""property_type\"": \""דירת גג\"", \""gush\"": \""2882\"", \""helka\"": \""9\"", \""tat_helka\"": \""29\"", \""asset_id\"": \""11276813610\"", \""latitude\"": \""31.64667239461572\"", \""longitude\"": \""34.56025410932...""}"
unknown,C:\Users\AVIV\gaba\gabay_pricing_core\special_unit_data_audit\all_special_candidates.csv,146,,,,large_area_140_195,,2024-08-04,אשקלון,האגמים,עמק חפר 9,,5.0,173.0,,,,דירה בבית קומות,,,6358.0,,,,,,,,,,"{""source_class"": ""unknown"", ""file"": ""C:\\Users\\AVIV\\gaba\\gabay_pricing_core\\qa_output_ashkelon\\sold_review.json"", ""record_index"": ""3"", ""targets"": ""large_area_140_195"", ""date"": ""2024-08-04"", ""city"": ""אשקלון"", ""neighborhood"": ""האגמים"", ""address"": ""עמק חפר 9"", ""rooms"": ""5.0"", ""area_sqm"": ""173.0"", ""property_type"": ""דירה בבית קומות"", ""price_per_sqm"": ""6358.0"", ""raw_preview"": ""{\""source_index\"": \""171\"", \""deal_date\"": \""2024-08-04\"", \""deal_amount\"": \""1100000.0\"", \""price_per_sqm\"": \""6358.0\"", \""address\"": \""עמק חפר 9\"", \""city\"": \""אשקלון\"", \""neighborhood\"": \""האגמים\"", \""rooms\"": \""5.0\"", \""floor\"": \""רביעית, חמישית\"", \""area\"": \""173.0\"", \""property_type\"": \""דירה בבית קומות\"", \""gush\"": \""2882\"", \""helka\"": \""9\"", \""tat_helka\"": \""39\"", \""asset_id\"": \""11177303490\"", \""latitude\"": \""31.64653428008991\"", \""longitude\"": \""34.5600...""}"
unknown,C:\Users\AVIV\gaba\gabay_pricing_core\special_unit_data_audit\all_special_candidates.csv,151,,,,large_area_140_195,,2026-05-13,אשקלון,גבעת ציון,עמק יזרעאל 99,,5.0,152.0,,8.0,,,,,18241.0,,,,,,,,,,"{""source_class"": ""unknown"", ""file"": ""C:\\Users\\AVIV\\gaba\\gabay_pricing_core\\qa_output_ashkelon\\sold_review.json"", ""record_index"": ""19"", ""targets"": ""large_area_140_195"", ""date"": ""2026-05-13"", ""city"": ""אשקלון"", ""neighborhood"": ""גבעת ציון"", ""address"": ""עמק יזרעאל 99"", ""rooms"": ""5.0"", ""area_sqm"": ""152.0"", ""floor"": ""8.0"", ""price_per_sqm"": ""18241.0"", ""raw_preview"": ""{\""source_index\"": \""249\"", \""deal_date\"": \""2026-05-13\"", \""deal_amount\"": \""2772693.0\"", \""price_per_sqm\"": \""18241.0\"", \""address\"": \""עמק יזרעאל 99\"", \""city\"": \""אשקלון\"", \""neighborhood\"": \""גבעת ציון\"", \""rooms\"": \""5.0\"", \""floor\"": \""8\"", \""area\"": \""152.0\"", \""gush\"": \""1475\"", \""helka\"": \""6\"", \""tat_helka\"": \""28\"", \""asset_id\"": \""11358945336\"", \""latitude\"": \""31.649263595171888\"", \""longitude\"": \""34.57601278906968\"", \""scraped_at\"": \""2026-09-04T1...""}"
unknown,C:\Users\AVIV\gaba\gabay_pricing_core\special_unit_data_audit\all_special_candidates.csv,152,,,,large_area_140_195,,2026-05-04,אשקלון,גבעת ציון,עמק יזרעאל 99,,5.0,152.0,,8.0,,,,,18092.0,,,,,,,,,,"{""source_class"": ""unknown"", ""file"": ""C:\\Users\\AVIV\\gaba\\gabay_pricing_core\\qa_output_ashkelon\\sold_review.json"", ""record_index"": ""23"", ""targets"": ""large_area_140_195"", ""date"": ""2026-05-04"", ""city"": ""אשקלון"", ""neighborhood"": ""גבעת ציון"", ""address"": ""עמק יזרעאל 99"", ""rooms"": ""5.0"", ""area_sqm"": ""152.0"", ""floor"": ""8.0"", ""price_per_sqm"": ""18092.0"", ""raw_preview"": ""{\""source_index\"": \""251\"", \""deal_date\"": \""2026-05-04\"", \""deal_amount\"": \""2750000.0\"", \""price_per_sqm\"": \""18092.0\"", \""address\"": \""עמק יזרעאל 99\"", \""city\"": \""אשקלון\"", \""neighborhood\"": \""גבעת ציון\"", \""rooms\"": \""5.0\"", \""floor\"": \""8\"", \""area\"": \""152.0\"", \""gush\"": \""1475\"", \""helka\"": \""6\"", \""tat_helka\"": \""11\"", \""asset_id\"": \""11358945318\"", \""latitude\"": \""31.649263595171888\"", \""longitude\"": \""34.57601278906968\"", \""scraped_at\"": \""2026-09-04T1...""}"
unknown,C:\Users\AVIV\gaba\gabay_pricing_core\special_unit_data_audit\all_special_candidates.csv,153,,,,large_area_140_195,,2026-03-07,אשקלון,גבעת ציון,עמק יזרעאל 99,,5.0,158.0,,8.0,,,,,17405.0,,,,,,,,,,"{""source_class"": ""unknown"", ""file"": ""C:\\Users\\AVIV\\gaba\\gabay_pricing_core\\qa_output_ashkelon\\sold_review.json"", ""record_index"": ""31"", ""targets"": ""large_area_140_195"", ""date"": ""2026-03-07"", ""city"": ""אשקלון"", ""neighborhood"": ""גבעת ציון"", ""address"": ""עמק יזרעאל 99"", ""rooms"": ""5.0"", ""area_sqm"": ""158.0"", ""floor"": ""8.0"", ""price_per_sqm"": ""17405.0"", ""raw_preview"": ""{\""source_index\"": \""258\"", \""deal_date\"": \""2026-03-07\"", \""deal_amount\"": \""2750000.0\"", \""price_per_sqm\"": \""17405.0\"", \""address\"": \""עמק יזרעאל 99\"", \""city\"": \""אשקלון\"", \""neighborhood\"": \""גבעת ציון\"", \""rooms\"": \""5.0\"", \""floor\"": \""8\"", \""area\"": \""158.0\"", \""gush\"": \""1475\"", \""helka\"": \""6\"", \""tat_helka\"": \""20\"", \""asset_id\"": \""11358945328\"", \""latitude\"": \""31.649263595171888\"", \""longitude\"": \""34.57601278906968\"", \""scraped_at\"": \""2026-09-04T1...""}"
unknown,C:\Users\AVIV\gaba\gabay_pricing_core\special_unit_data_audit\all_special_candidates.csv,155,,,,large_area_140_195,,2025-07-14,אשקלון,גבעת ציון,עמק יזרעאל 99,,5.0,158.0,,8.0,,,,,18099.0,,,,,,,,,,"{""source_class"": ""unknown"", ""file"": ""C:\\Users\\AVIV\\gaba\\gabay_pricing_core\\qa_output_ashkelon\\sold_review.json"", ""record_index"": ""83"", ""targets"": ""large_area_140_195"", ""date"": ""2025-07-14"", ""city"": ""אשקלון"", ""neighborhood"": ""גבעת ציון"", ""address"": ""עמק יזרעאל 99"", ""rooms"": ""5.0"", ""area_sqm"": ""158.0"", ""floor"": ""8.0"", ""price_per_sqm"": ""18099.0"", ""raw_preview"": ""{\""source_index\"": \""299\"", \""deal_date\"": \""2025-07-14\"", \""deal_amount\"": \""2859676.0\"", \""price_per_sqm\"": \""18099.0\"", \""address\"": \""עמק יזרעאל 99\"", \""city\"": \""אשקלון\"", \""neighborhood\"": \""גבעת ציון\"", \""rooms\"": \""5.0\"", \""floor\"": \""8\"", \""area\"": \""158.0\"", \""gush\"": \""1475\"", \""helka\"": \""6\"", \""tat_helka\"": \""32\"", \""asset_id\"": \""11358945341\"", \""latitude\"": \""31.649263595171888\"", \""longitude\"": \""34.57601278906968\"", \""scraped_at\"": \""2026-09-04T1...""}"
unknown,C:\Users\AVIV\gaba\gabay_pricing_core\special_unit_data_audit\all_special_candidates.csv,771,,,,large_area_140_195,,2026-06-10,,מתחם מ-7,דרך הים 31,,5.0,153.0,,,20.0,,True,,20850.0,,,,,,,,,,"{""source_class"": ""sold"", ""file"": ""C:\\Users\\AVIV\\gaba\\gabay_pricing_core\\tax_enrichment_diagnostics.json"", ""record_index"": ""130"", ""targets"": ""large_area_140_195"", ""date"": ""2026-06-10"", ""neighborhood"": ""מתחם מ-7"", ""address"": ""דרך הים 31"", ""rooms"": ""5.0"", ""area_sqm"": ""153.0"", ""total_floors"": ""20.0"", ""deal_type"": ""True"", ""price_per_sqm"": ""20850.0"", ""raw_preview"": ""{\""dealDate\"": \""2026-06-10\"", \""dealAmount\"": \""3190000\"", \""pricePerSqm\"": \""20850\"", \""address\"": \""דרך הים 31\"", \""neighborhoodName\"": \""מתחם מ-7\"", \""rooms\"": \""5\"", \""floor\"": \""שלוש עשרה\"", \""buildingFloors\"": \""20\"", \""area\"": \""153\"", \""yearBuilt\"": \""2020\"", \""isFirstHand\"": \""True\"", \""gush\"": \""370\"", \""helka\"": \""40\"", \""tatHelka\"": \""192\"", \""assetId\"": \""4920984\""}""}"
unknown,C:\Users\AVIV\gaba\gabay_pricing_core\special_unit_data_audit\all_special_candidates.csv,772,,,,large_area_140_195,,2026-06-11,,מתחם מ-7,דרך הים 31,,5.0,153.0,,,20.0,דירה בבית קומות,,,20850.0,,,,,,,,,,"{""source_class"": ""sold"", ""file"": ""C:\\Users\\AVIV\\gaba\\gabay_pricing_core\\tax_enrichment_diagnostics.json"", ""record_index"": ""131"", ""targets"": ""large_area_140_195"", ""date"": ""2026-06-11"", ""neighborhood"": ""מתחם מ-7"", ""address"": ""דרך הים 31"", ""rooms"": ""5.0"", ""area_sqm"": ""153.0"", ""total_floors"": ""20.0"", ""property_type"": ""דירה בבית קומות"", ""price_per_sqm"": ""20850.0"", ""raw_preview"": ""{\""dealDate\"": \""2026-06-11\"", \""dealAmount\"": \""3190000\"", \""pricePerSqm\"": \""20850\"", \""address\"": \""דרך הים 31\"", \""neighborhoodName\"": \""מתחם מ-7\"", \""rooms\"": \""5\"", \""floor\"": \""שלוש עשרה\"", \""buildingFloors\"": \""20\"", \""area\"": \""153\"", \""yearBuilt\"": \""2020\"", \""propertyType\"": \""דירה בבית קומות\"", \""gush\"": \""370\"", \""helka\"": \""40\"", \""tatHelka\"": \""193\"", \""assetId\"": \""4920984\""}""}"
sold,C:\Users\AVIV\gaba\gabay_pricing_core\special_unit_data_audit\sold_candidates.csv,604,,,,large_area_140_195,,2026-06-10,,מתחם מ-7,דרך הים 31,,5.0,153.0,,,20.0,,True,,20850.0,,,,,,,,,,"{""source_class"": ""sold"", ""file"": ""C:\\Users\\AVIV\\gaba\\gabay_pricing_core\\tax_enrichment_diagnostics.json"", ""record_index"": ""130"", ""targets"": ""large_area_140_195"", ""date"": ""2026-06-10"", ""neighborhood"": ""מתחם מ-7"", ""address"": ""דרך הים 31"", ""rooms"": ""5.0"", ""area_sqm"": ""153.0"", ""total_floors"": ""20.0"", ""deal_type"": ""True"", ""price_per_sqm"": ""20850.0"", ""raw_preview"": ""{\""dealDate\"": \""2026-06-10\"", \""dealAmount\"": \""3190000\"", \""pricePerSqm\"": \""20850\"", \""address\"": \""דרך הים 31\"", \""neighborhoodName\"": \""מתחם מ-7\"", \""rooms\"": \""5\"", \""floor\"": \""שלוש עשרה\"", \""buildingFloors\"": \""20\"", \""area\"": \""153\"", \""yearBuilt\"": \""2020\"", \""isFirstHand\"": \""True\"", \""gush\"": \""370\"", \""helka\"": \""40\"", \""tatHelka\"": \""192\"", \""assetId\"": \""4920984\""}""}"
sold,C:\Users\AVIV\gaba\gabay_pricing_core\special_unit_data_audit\sold_candidates.csv,605,,,,large_area_140_195,,2026-06-11,,מתחם מ-7,דרך הים 31,,5.0,153.0,,,20.0,דירה בבית קומות,,,20850.0,,,,,,,,,,"{""source_class"": ""sold"", ""file"": ""C:\\Users\\AVIV\\gaba\\gabay_pricing_core\\tax_enrichment_diagnostics.json"", ""record_index"": ""131"", ""targets"": ""large_area_140_195"", ""date"": ""2026-06-11"", ""neighborhood"": ""מתחם מ-7"", ""address"": ""דרך הים 31"", ""rooms"": ""5.0"", ""area_sqm"": ""153.0"", ""total_floors"": ""20.0"", ""property_type"": ""דירה בבית קומות"", ""price_per_sqm"": ""20850.0"", ""raw_preview"": ""{\""dealDate\"": \""2026-06-11\"", \""dealAmount\"": \""3190000\"", \""pricePerSqm\"": \""20850\"", \""address\"": \""דרך הים 31\"", \""neighborhoodName\"": \""מתחם מ-7\"", \""rooms\"": \""5\"", \""floor\"": \""שלוש עשרה\"", \""buildingFloors\"": \""20\"", \""area\"": \""153\"", \""yearBuilt\"": \""2020\"", \""propertyType\"": \""דירה בבית קומות\"", \""gush\"": \""370\"", \""helka\"": \""40\"", \""tatHelka\"": \""193\"", \""assetId\"": \""4920984\""}""}"
sold,C:\Users\AVIV\gaba\gabay_pricing_core\tax_enrichment_diagnostics.json,130,,,4920984,large_area_140_195,,2026-06-10,,מתחם מ-7,דרך הים 31,,5.0,153.0,,,20.0,,True,3190000.0,20850.0,,,370,40,192,370-40,,,,"{""dealDate"": ""2026-06-10"", ""dealAmount"": ""3190000"", ""pricePerSqm"": ""20850"", ""address"": ""דרך הים 31"", ""neighborhoodName"": ""מתחם מ-7"", ""rooms"": ""5"", ""floor"": ""שלוש עשרה"", ""buildingFloors"": ""20"", ""area"": ""153"", ""yearBuilt"": ""2020"", ""isFirstHand"": ""True"", ""gush"": ""370"", ""helka"": ""40"", ""tatHelka"": ""192"", ""assetId"": ""4920984""}"
sold,C:\Users\AVIV\gaba\gabay_pricing_core\tax_enrichment_diagnostics.json,131,,,4920984,large_area_140_195,,2026-06-11,,מתחם מ-7,דרך הים 31,,5.0,153.0,,,20.0,דירה בבית קומות,,3190000.0,20850.0,,,370,40,193,370-40,,,,"{""dealDate"": ""2026-06-11"", ""dealAmount"": ""3190000"", ""pricePerSqm"": ""20850"", ""address"": ""דרך הים 31"", ""neighborhoodName"": ""מתחם מ-7"", ""rooms"": ""5"", ""floor"": ""שלוש עשרה"", ""buildingFloors"": ""20"", ""area"": ""153"", ""yearBuilt"": ""2020"", ""propertyType"": ""דירה בבית קומות"", ""gush"": ""370"", ""helka"": ""40"", ""tatHelka"": ""193"", ""assetId"": ""4920984""}"
