city,selected_submarket,geography_tier,neighborhood,address,event_date,rooms,area_sqm,price_ils,floor,parcel_subparcel,group_key,source,source_reference,source_id,source_url,retrieved_at,status,qa_note,alternate_observation,record_uid,source_title,source_date,durable_source_id,legacy_source_reference,provenance_status,latitude,longitude,coordinate_precision,coordinate_source_url,pricing_scope_neighborhood
תל אביב-יפו,יד אליהו,tier_1,יד אליהו,עמק איילון 24,2026-06-28,3,70,3139000,,,עמק איילון 24,WizBid / Tax-derived,עמק איילון24-20260628,עמק איילון24-20260628,,2026-09-11,accepted,,,sold-ad52c2c503f1d4cc,Completed-sale transaction record — עמק איילון 24,2026-06-28,עמק איילון24-20260628,turn853970search1,durable_source_id_no_stable_url,32.05899000,34.79285000,submarket_centroid_fallback,https://mapcarta.com/W819219043,יד אליהו
תל אביב-יפו,יד אליהו,tier_1,יד אליהו,עמק איילון 24,2026-05-26,3,70,3299000,,,עמק איילון 24,WizBid / Tax-derived,עמק איילון24-20260526,עמק איילון24-20260526,,2026-09-11,accepted,,,sold-11a76b55f939f44e,Completed-sale transaction record — עמק איילון 24,2026-05-26,עמק איילון24-20260526,turn853970search1,durable_source_id_no_stable_url,32.05899000,34.79285000,submarket_centroid_fallback,https://mapcarta.com/W819219043,יד אליהו
תל אביב-יפו,יד אליהו,tier_1,יד אליהו,עמק איילון 24,2026-05-20,3,71,2979000,,,עמק איילון 24,WizBid / Tax-derived,עמק איילון24-20260520,עמק איילון24-20260520,,2026-09-11,accepted,,,sold-28e5c6c30fd7e360,Completed-sale transaction record — עמק איילון 24,2026-05-20,עמק איילון24-20260520,turn853970search1,durable_source_id_no_stable_url,32.05899000,34.79285000,submarket_centroid_fallback,https://mapcarta.com/W819219043,יד אליהו
תל אביב-יפו,יד אליהו,tier_1,יד אליהו,יד לבנים 23,2026-06-11,3,64,2460000,,,יד לבנים 23,WizBid / Tax-derived,ידלבנים23-20260611,ידלבנים23-20260611,,2026-09-11,accepted,,,sold-b285f85f5987800f,Completed-sale transaction record — יד לבנים 23,2026-06-11,ידלבנים23-20260611,turn159536search3,durable_source_id_no_stable_url,32.05899000,34.79285000,submarket_centroid_fallback,https://mapcarta.com/W819219043,יד אליהו
תל אביב-יפו,יד אליהו,tier_1,יד אליהו,יד לבנים 23,2026-02-10,3,65,2440000,,,יד לבנים 23,WizBid / Tax-derived,ידלבנים23-20260210,ידלבנים23-20260210,,2026-09-11,accepted,,,sold-982ca860d56d85b2,Completed-sale transaction record — יד לבנים 23,2026-02-10,ידלבנים23-20260210,turn159536search3,durable_source_id_no_stable_url,32.05899000,34.79285000,submarket_centroid_fallback,https://mapcarta.com/W819219043,יד אליהו
תל אביב-יפו,יד אליהו,tier_1,יד אליהו,יד לבנים 23,2025-07-20,3,67,2450000,,,יד לבנים 23,WizBid / Tax-derived,ידלבנים23-20250720,ידלבנים23-20250720,,2026-09-11,accepted,,,sold-be70ee6244a425f1,Completed-sale transaction record — יד לבנים 23,2025-07-20,ידלבנים23-20250720,turn159536search3,durable_source_id_no_stable_url,32.05899000,34.79285000,submarket_centroid_fallback,https://mapcarta.com/W819219043,יד אליהו
תל אביב-יפו,יד אליהו,tier_1,יד אליהו,יד לבנים 23,2025-04-08,3,65,2410000,,,יד לבנים 23,WizBid / Tax-derived,ידלבנים23-20250408,ידלבנים23-20250408,,2026-09-11,accepted,,,sold-d2eac1ba5186d058,Completed-sale transaction record — יד לבנים 23,2025-04-08,ידלבנים23-20250408,turn159536search3,durable_source_id_no_stable_url,32.05899000,34.79285000,submarket_centroid_fallback,https://mapcarta.com/W819219043,יד אליהו
תל אביב-יפו,יד אליהו,tier_1,יד אליהו,לוחמי גליפולי 19,2026-01-21,3,69,3000000,,,לוחמי גליפולי 19,WizBid / Tax-derived,גליפולי19-20260121,גליפולי19-20260121,,2026-09-11,accepted,,,sold-3ef7bac09265c83c,Completed-sale transaction record — לוחמי גליפולי 19,2026-01-21,גליפולי19-20260121,turn159536search10,durable_source_id_no_stable_url,32.05899000,34.79285000,submarket_centroid_fallback,https://mapcarta.com/W819219043,יד אליהו
תל אביב-יפו,יד אליהו,tier_1,יד אליהו,לוחמי גליפולי 19,2025-11-13,3,69,2560000,,,לוחמי גליפולי 19,WizBid / Tax-derived,גליפולי19-20251113,גליפולי19-20251113,,2026-09-11,accepted,,,sold-bff60b55f13ba6ed,Completed-sale transaction record — לוחמי גליפולי 19,2025-11-13,גליפולי19-20251113,turn159536search10,durable_source_id_no_stable_url,32.05899000,34.79285000,submarket_centroid_fallback,https://mapcarta.com/W819219043,יד אליהו
תל אביב-יפו,יד אליהו,tier_1,יד אליהו,לוחמי גליפולי 19,2025-08-04,3,69,2458000,,,לוחמי גליפולי 19,prior-pass Tax-derived row,גליפולי19-20250804,גליפולי19-20250804,,2026-09-11,accepted,,,sold-79c6c16d18d402bf,Completed-sale transaction record — לוחמי גליפולי 19,2025-08-04,גליפולי19-20250804,,durable_source_id_no_stable_url,32.05899000,34.79285000,submarket_centroid_fallback,https://mapcarta.com/W819219043,יד אליהו
תל אביב-יפו,יד אליהו,tier_1,יד אליהו,דימונה 5,2026-01-13,3,60,2700000,,6134-639-15,דימונה 5,WizBid / Tax-derived,דימונה5-20260113,דימונה5-20260113,,2026-09-11,accepted,,,sold-62810c61b101f6ac,Completed-sale transaction record — דימונה 5,2026-01-13,דימונה5-20260113,turn159536search6,durable_source_id_no_stable_url,32.05899000,34.79285000,submarket_centroid_fallback,https://mapcarta.com/W819219043,יד אליהו
תל אביב-יפו,יד אליהו,tier_1,יד אליהו,לוחמי גליפולי 58,2025-11-24,3,65,3170000,,,לוחמי גליפולי 58,WizBid / Tax-derived,גליפולי58-20251124,גליפולי58-20251124,,2026-09-11,accepted,,,sold-8e703d822fd933af,Completed-sale transaction record — לוחמי גליפולי 58,2025-11-24,גליפולי58-20251124,turn159536search10,durable_source_id_no_stable_url,32.05899000,34.79285000,submarket_centroid_fallback,https://mapcarta.com/W819219043,יד אליהו
תל אביב-יפו,יד אליהו,tier_1,יד אליהו,לוחמי גליפולי 58,2025-05-07,3,66,3000000,,,לוחמי גליפולי 58,WizBid / Tax-derived,גליפולי58-20250507,גליפולי58-20250507,,2026-09-11,accepted,,,sold-33edf6dadfb25b9f,Completed-sale transaction record — לוחמי גליפולי 58,2025-05-07,גליפולי58-20250507,turn159536search10,durable_source_id_no_stable_url,32.05899000,34.79285000,submarket_centroid_fallback,https://mapcarta.com/W819219043,יד אליהו
תל אביב-יפו,יד אליהו,tier_1,יד אליהו,נגבה 21,2025-07-16,3,77,3000000,,6134-616-7,נגבה 21,WizBid / Tax-derived,נגבה21-20250716,נגבה21-20250716,,2026-09-11,accepted,,,sold-4f827c830c2684cb,Completed-sale transaction record — נגבה 21,2025-07-16,נגבה21-20250716,turn853970search6,durable_source_id_no_stable_url,32.05899000,34.79285000,submarket_centroid_fallback,https://mapcarta.com/W819219043,יד אליהו
תל אביב-יפו,יד אליהו,tier_1,יד אליהו,לה גווארדיה 65,,3,79,3149000,,,לה גווארדיה 65,WizBid / Dirobot conflict,sold-dac0b89123d4f3a5,,,2026-09-11,quarantined,material_area_conflict,Dirobot displays 61 m² for apparently same new-project sale,sold-dac0b89123d4f3a5,Completed-sale transaction record — לה גווארדיה 65,2026-09-11,,,dataset_uid_no_stable_source_url,32.05899000,34.79285000,submarket_centroid_fallback,https://mapcarta.com/W819219043,יד אליהו
תל אביב-יפו,יד אליהו,tier_1,יד אליהו,לה גווארדיה 67,,3,79,3109000,,,לה גווארדיה 67,WizBid / Dirobot conflict,sold-fe1437c364f33c70,,,2026-09-11,quarantined,material_area_conflict,Dirobot displays 61 m²,sold-fe1437c364f33c70,Completed-sale transaction record — לה גווארדיה 67,2026-09-11,,,dataset_uid_no_stable_source_url,32.05899000,34.79285000,submarket_centroid_fallback,https://mapcarta.com/W819219043,יד אליהו
תל אביב-יפו,יד אליהו,tier_1,יד אליהו,לוחמי גליפולי 42/46,2026-02,3,74,3245000,,,לוחמי גליפולי 42/46,cross-source conflict,sold-47e8add7ea9e90ec,,,2026-09-11,quarantined,address_conflict_between_sources,,sold-47e8add7ea9e90ec,Completed-sale transaction record — לוחמי גליפולי 42/46,2026-02,,,dataset_uid_no_stable_source_url,32.05899000,34.79285000,submarket_centroid_fallback,https://mapcarta.com/W819219043,יד אליהו
