record_type,record_id,field,value,source_url,source_type,retrieved_at,verification_status,notes
project,ta-rayk-east-side,address,"לוחמי גליפולי 56-58, תל אביב-יפו",https://www.yad2.co.il/yad1/project/16277,public_project_source,2026-09-12,VERIFIED_PUBLIC_SOURCE,
project,ta-rayk-east-side,street,לוחמי גליפולי,https://www.yad2.co.il/yad1/project/16277,public_project_source,2026-09-12,VERIFIED_PUBLIC_SOURCE,
project,ta-rayk-east-side,street_number,56-58,https://www.yad2.co.il/yad1/project/16277,public_project_source,2026-09-12,VERIFIED_PUBLIC_SOURCE,
project,ta-rayk-east-side,estimated_delivery,2029,https://www.yad2.co.il/yad1/project/16277,public_project_source,2026-09-12,VERIFIED_PUBLIC_SOURCE,
project,net-gabay-park,number_of_buildings,1,https://www.yad2.co.il/yad1/project/16610,public_project_source,2026-09-12,VERIFIED_PUBLIC_SOURCE,
project,net-gabay-park,number_of_floors,23,https://www.yad2.co.il/yad1/project/16610,public_project_source,2026-09-12,VERIFIED_PUBLIC_SOURCE,
project,net-gabay-park,number_of_units,82,https://www.yad2.co.il/yad1/project/16610,public_project_source,2026-09-12,VERIFIED_PUBLIC_SOURCE,
project,ash-ayal-peretz-ramot,number_of_floors,8,https://www.yad2.co.il/yad1/project/17111,public_project_source,2026-09-12,VERIFIED_PUBLIC_SOURCE,
project,ash-halomot-barnea,address,"שדרות הציונות 5, אשקלון",https://www.ad.co.il/project/halomot-barnea,public_project_source,2026-09-12,VERIFIED_PUBLIC_SOURCE,
project,ash-halomot-barnea,street,שדרות הציונות,https://www.ad.co.il/project/halomot-barnea,public_project_source,2026-09-12,VERIFIED_PUBLIC_SOURCE,
project,ash-halomot-barnea,street_number,5,https://www.ad.co.il/project/halomot-barnea,public_project_source,2026-09-12,VERIFIED_PUBLIC_SOURCE,
project,ash-halomot-barnea,number_of_buildings,7,https://www.ad.co.il/project/halomot-barnea,public_project_source,2026-09-12,VERIFIED_PUBLIC_SOURCE,
project,ash-project-k-wine,project_name,K — עיר היין אשקלון,https://www.yad2.co.il/yad1/project/16063,major_property_platform,2026-09-12,VERIFIED_PUBLIC_SOURCE,
project,ash-project-k-wine,developer_company,קבוצת נחמיאס / קבוצת נדב בלילה,https://www.yad2.co.il/yad1/project/16063,major_property_platform,2026-09-12,VERIFIED_PUBLIC_SOURCE,
project,ash-project-k-wine,address,"המיל השלישי 1, עיר היין, אשקלון",https://www.yad2.co.il/yad1/project/16063,major_property_platform,2026-09-12,VERIFIED_PUBLIC_SOURCE,
project,ash-project-k-wine,number_of_buildings,2,https://www.yad2.co.il/yad1/project/16063,major_property_platform,2026-09-12,VERIFIED_PUBLIC_SOURCE,
project,ash-project-k-wine,number_of_units,126,https://www.yad2.co.il/yad1/project/16063,major_property_platform,2026-09-12,VERIFIED_PUBLIC_SOURCE,
project,ash-project-k-wine,number_of_floors,18,https://www.yad2.co.il/yad1/project/16063,major_property_platform,2026-09-12,VERIFIED_PUBLIC_SOURCE,
project,ash-project-k-wine,room_range,3–6,https://www.yad2.co.il/yad1/project/16063,major_property_platform,2026-09-12,VERIFIED_PUBLIC_SOURCE,
project,ash-project-k-wine,area_range_sqm,77.42–156.6,https://www.yad2.co.il/yad1/project/16063,major_property_platform,2026-09-12,VERIFIED_PUBLIC_SOURCE,
competitor_variant,ta-family-groove|garden_apartment|3|76|3116000,rooms,3,https://www.yad2.co.il/yad1/project/18174,major_property_platform,2026-09-12,PUBLIC_PROJECT_MODEL,
competitor_variant,ta-family-groove|garden_apartment|3|76|3116000,unit_type,garden_apartment,https://www.yad2.co.il/yad1/project/18174,major_property_platform,2026-09-12,PUBLIC_PROJECT_MODEL,
competitor_variant,ta-family-groove|garden_apartment|3|76|3116000,internal_area_sqm,76,https://www.yad2.co.il/yad1/project/18174,major_property_platform,2026-09-12,PUBLIC_PROJECT_MODEL,
competitor_variant,ta-family-groove|garden_apartment|3|76|3116000,garden_area_sqm,31,https://www.yad2.co.il/yad1/project/18174,major_property_platform,2026-09-12,PUBLIC_PROJECT_MODEL,
competitor_variant,ta-family-groove|garden_apartment|3|76|3116000,price_ils,3116000,https://www.yad2.co.il/yad1/project/18174,major_property_platform,2026-09-12,PUBLIC_PROJECT_MODEL,
competitor_variant,ta-family-groove|garden_apartment|3|76|3116000,price_type,STARTING_PRICE,https://www.yad2.co.il/yad1/project/18174,major_property_platform,2026-09-12,PUBLIC_PROJECT_MODEL,
competitor_variant,ta-rayk-east-side|garden_duplex|||,unit_type,garden_duplex,https://rayklocations.raykgroup.com/east/,official_developer,2026-09-12,PRODUCT_TYPE_VERIFIED,
competitor_variant,ta-rayk-east-side|garden_duplex|||,price_type,CONTEXT_ONLY,https://rayklocations.raykgroup.com/east/,official_developer,2026-09-12,PRODUCT_TYPE_VERIFIED,
competitor_variant,ta-galipolis|garden_duplex|||,unit_type,garden_duplex,https://almog-ltd.com/project/galipoliz/,official_developer,2026-09-12,PRODUCT_TYPE_VERIFIED,
competitor_variant,ta-galipolis|garden_duplex|||,price_type,CONTEXT_ONLY,https://almog-ltd.com/project/galipoliz/,official_developer,2026-09-12,PRODUCT_TYPE_VERIFIED,
competitor_variant,net-aqua-sense|standard_apartment|5||3800000,rooms,5,https://www.nadlan.com/project/aqua-sense,project_portal,2026-09-12,PUBLIC_PROJECT_PRICE,
competitor_variant,net-aqua-sense|standard_apartment|5||3800000,unit_type,standard_apartment,https://www.nadlan.com/project/aqua-sense,project_portal,2026-09-12,PUBLIC_PROJECT_PRICE,
competitor_variant,net-aqua-sense|standard_apartment|5||3800000,price_ils,3800000,https://www.nadlan.com/project/aqua-sense,project_portal,2026-09-12,PUBLIC_PROJECT_PRICE,
competitor_variant,net-aqua-sense|standard_apartment|5||3800000,price_type,STARTING_PRICE,https://www.nadlan.com/project/aqua-sense,project_portal,2026-09-12,PUBLIC_PROJECT_PRICE,
competitor_variant,ash-efi-wine|penthouse|5.5||3710000,rooms,5.5,https://www.yad2.co.il/yad1/newprojects/south?area=21&category=1&city=7100&neighborhood=991473,major_property_platform,2026-09-12,PUBLIC_PROJECT_PRICE,
competitor_variant,ash-efi-wine|penthouse|5.5||3710000,unit_type,penthouse,https://www.yad2.co.il/yad1/newprojects/south?area=21&category=1&city=7100&neighborhood=991473,major_property_platform,2026-09-12,PUBLIC_PROJECT_PRICE,
competitor_variant,ash-efi-wine|penthouse|5.5||3710000,price_ils,3710000,https://www.yad2.co.il/yad1/newprojects/south?area=21&category=1&city=7100&neighborhood=991473,major_property_platform,2026-09-12,PUBLIC_PROJECT_PRICE,
competitor_variant,ash-efi-wine|penthouse|5.5||3710000,price_type,STARTING_PRICE,https://www.yad2.co.il/yad1/newprojects/south?area=21&category=1&city=7100&neighborhood=991473,major_property_platform,2026-09-12,PUBLIC_PROJECT_PRICE,
competitor_variant,ash-lev-agamim|garden_apartment|4||2500000,rooms,4,https://www.yad2.co.il/yad1/newprojects/south?area=21&category=1&city=7100,major_property_platform,2026-09-12,PUBLIC_PROJECT_PRICE,
competitor_variant,ash-lev-agamim|garden_apartment|4||2500000,unit_type,garden_apartment,https://www.yad2.co.il/yad1/newprojects/south?area=21&category=1&city=7100,major_property_platform,2026-09-12,PUBLIC_PROJECT_PRICE,
competitor_variant,ash-lev-agamim|garden_apartment|4||2500000,price_ils,2500000,https://www.yad2.co.il/yad1/newprojects/south?area=21&category=1&city=7100,major_property_platform,2026-09-12,PUBLIC_PROJECT_PRICE,
competitor_variant,ash-lev-agamim|garden_apartment|4||2500000,price_type,STARTING_PRICE,https://www.yad2.co.il/yad1/newprojects/south?area=21&category=1&city=7100,major_property_platform,2026-09-12,PUBLIC_PROJECT_PRICE,
competitor_variant,ash-lev-agamim|penthouse|5||2580000,rooms,5,https://www.yad2.co.il/yad1/newprojects/south?area=21&category=1&city=7100,major_property_platform,2026-09-12,PUBLIC_PROJECT_PRICE,
competitor_variant,ash-lev-agamim|penthouse|5||2580000,unit_type,penthouse,https://www.yad2.co.il/yad1/newprojects/south?area=21&category=1&city=7100,major_property_platform,2026-09-12,PUBLIC_PROJECT_PRICE,
competitor_variant,ash-lev-agamim|penthouse|5||2580000,price_ils,2580000,https://www.yad2.co.il/yad1/newprojects/south?area=21&category=1&city=7100,major_property_platform,2026-09-12,PUBLIC_PROJECT_PRICE,
competitor_variant,ash-lev-agamim|penthouse|5||2580000,price_type,STARTING_PRICE,https://www.yad2.co.il/yad1/newprojects/south?area=21&category=1&city=7100,major_property_platform,2026-09-12,PUBLIC_PROJECT_PRICE,
competitor_variant,ash-peretz-wine|standard_apartment|5|126|1441898,rooms,5,https://www.peretzbh.co.il/price-list/,official_developer_program_price_list,2026-09-12,HISTORICAL_MODEL_VERIFIED,
competitor_variant,ash-peretz-wine|standard_apartment|5|126|1441898,unit_type,standard_apartment,https://www.peretzbh.co.il/price-list/,official_developer_program_price_list,2026-09-12,HISTORICAL_MODEL_VERIFIED,
competitor_variant,ash-peretz-wine|standard_apartment|5|126|1441898,internal_area_sqm,126,https://www.peretzbh.co.il/price-list/,official_developer_program_price_list,2026-09-12,HISTORICAL_MODEL_VERIFIED,
competitor_variant,ash-peretz-wine|standard_apartment|5|126|1441898,balcony_area_sqm,14.36,https://www.peretzbh.co.il/price-list/,official_developer_program_price_list,2026-09-12,HISTORICAL_MODEL_VERIFIED,
competitor_variant,ash-peretz-wine|standard_apartment|5|126|1441898,price_ils,1441898,https://www.peretzbh.co.il/price-list/,official_developer_program_price_list,2026-09-12,HISTORICAL_MODEL_VERIFIED,
competitor_variant,ash-peretz-wine|standard_apartment|5|126|1441898,price_type,HISTORICAL_MARKETING_PRICE,https://www.peretzbh.co.il/price-list/,official_developer_program_price_list,2026-09-12,HISTORICAL_MODEL_VERIFIED,
competitor_variant,ash-peretz-wine|standard_apartment|5|126|1441898,parking,2,https://www.peretzbh.co.il/price-list/,official_developer_program_price_list,2026-09-12,HISTORICAL_MODEL_VERIFIED,
competitor_variant,ash-peretz-wine|standard_apartment|5|126|1441898,storage,4.47 m²,https://www.peretzbh.co.il/price-list/,official_developer_program_price_list,2026-09-12,HISTORICAL_MODEL_VERIFIED,
competitor_variant,ash-project-k-wine|standard_apartment|3||1890000,rooms,3,https://www.diraly.co.il/projects/k-%D7%A2%D7%99%D7%A8-%D7%94%D7%99%D7%99%D7%9F-%D7%90%D7%A9%D7%A7%D7%9C%D7%95%D7%9F,project_portal,2026-09-12,PUBLIC_PROJECT_PRICE,
competitor_variant,ash-project-k-wine|standard_apartment|3||1890000,unit_type,standard_apartment,https://www.diraly.co.il/projects/k-%D7%A2%D7%99%D7%A8-%D7%94%D7%99%D7%99%D7%9F-%D7%90%D7%A9%D7%A7%D7%9C%D7%95%D7%9F,project_portal,2026-09-12,PUBLIC_PROJECT_PRICE,
competitor_variant,ash-project-k-wine|standard_apartment|3||1890000,price_ils,1890000,https://www.diraly.co.il/projects/k-%D7%A2%D7%99%D7%A8-%D7%94%D7%99%D7%99%D7%9F-%D7%90%D7%A9%D7%A7%D7%9C%D7%95%D7%9F,project_portal,2026-09-12,PUBLIC_PROJECT_PRICE,
competitor_variant,ash-project-k-wine|standard_apartment|3||1890000,price_type,STARTING_PRICE,https://www.diraly.co.il/projects/k-%D7%A2%D7%99%D7%A8-%D7%94%D7%99%D7%99%D7%9F-%D7%90%D7%A9%D7%A7%D7%9C%D7%95%D7%9F,project_portal,2026-09-12,PUBLIC_PROJECT_PRICE,
competitor_variant,ash-project-k-wine|penthouse|5||5320000,rooms,5,https://ashkelonim.co.il/%D7%A0%D7%93%D7%9C-%D7%9F-%D7%91%D7%90%D7%A9%D7%A7%D7%9C%D7%95%D7%9F/%D7%A4%D7%A8%D7%95%D7%99%D7%A7%D7%98-%D7%9E%D7%92%D7%93%D7%9C%D7%99%D7%9D-%D7%97%D7%93%D7%A9-%D7%94%D7%95%D7%A9%D7%A7-%D7%91%D7%A2%D7%99%D7%A8-%D7%94%D7%99%D7%99%D7%9F-598442,secondary_reporting,2026-09-12,HISTORICAL_MARKETING_CONTEXT,
competitor_variant,ash-project-k-wine|penthouse|5||5320000,unit_type,penthouse,https://ashkelonim.co.il/%D7%A0%D7%93%D7%9C-%D7%9F-%D7%91%D7%90%D7%A9%D7%A7%D7%9C%D7%95%D7%9F/%D7%A4%D7%A8%D7%95%D7%99%D7%A7%D7%98-%D7%9E%D7%92%D7%93%D7%9C%D7%99%D7%9D-%D7%97%D7%93%D7%A9-%D7%94%D7%95%D7%A9%D7%A7-%D7%91%D7%A2%D7%99%D7%A8-%D7%94%D7%99%D7%99%D7%9F-598442,secondary_reporting,2026-09-12,HISTORICAL_MARKETING_CONTEXT,
competitor_variant,ash-project-k-wine|penthouse|5||5320000,price_ils,5320000,https://ashkelonim.co.il/%D7%A0%D7%93%D7%9C-%D7%9F-%D7%91%D7%90%D7%A9%D7%A7%D7%9C%D7%95%D7%9F/%D7%A4%D7%A8%D7%95%D7%99%D7%A7%D7%98-%D7%9E%D7%92%D7%93%D7%9C%D7%99%D7%9D-%D7%97%D7%93%D7%A9-%D7%94%D7%95%D7%A9%D7%A7-%D7%91%D7%A2%D7%99%D7%A8-%D7%94%D7%99%D7%99%D7%9F-598442,secondary_reporting,2026-09-12,HISTORICAL_MARKETING_CONTEXT,
competitor_variant,ash-project-k-wine|penthouse|5||5320000,price_type,HISTORICAL_MARKETING_PRICE,https://ashkelonim.co.il/%D7%A0%D7%93%D7%9C-%D7%9F-%D7%91%D7%90%D7%A9%D7%A7%D7%9C%D7%95%D7%9F/%D7%A4%D7%A8%D7%95%D7%99%D7%A7%D7%98-%D7%9E%D7%92%D7%93%D7%9C%D7%99%D7%9D-%D7%97%D7%93%D7%A9-%D7%94%D7%95%D7%A9%D7%A7-%D7%91%D7%A2%D7%99%D7%A8-%D7%94%D7%99%D7%99%D7%9F-598442,secondary_reporting,2026-09-12,HISTORICAL_MARKETING_CONTEXT,
competitor_variant,ash-jade|standard_apartment|4|106|2110000,rooms,4,https://www.yad2.co.il/yad1/newprojects/south?category=1,major_property_platform,2026-09-12,PUBLIC_PROJECT_MODEL,
competitor_variant,ash-jade|standard_apartment|4|106|2110000,unit_type,standard_apartment,https://www.yad2.co.il/yad1/newprojects/south?category=1,major_property_platform,2026-09-12,PUBLIC_PROJECT_MODEL,
competitor_variant,ash-jade|standard_apartment|4|106|2110000,internal_area_sqm,106,https://www.yad2.co.il/yad1/newprojects/south?category=1,major_property_platform,2026-09-12,PUBLIC_PROJECT_MODEL,
competitor_variant,ash-jade|standard_apartment|4|106|2110000,price_ils,2110000,https://www.yad2.co.il/yad1/newprojects/south?category=1,major_property_platform,2026-09-12,PUBLIC_PROJECT_MODEL,
competitor_variant,ash-jade|standard_apartment|4|106|2110000,price_type,STARTING_PRICE,https://www.yad2.co.il/yad1/newprojects/south?category=1,major_property_platform,2026-09-12,PUBLIC_PROJECT_MODEL,
competitor_variant,ash-jade|standard_apartment|5|126|2290000,rooms,5,https://www.yad2.co.il/yad1/newprojects/south?category=1,major_property_platform,2026-09-12,PUBLIC_PROJECT_MODEL,
competitor_variant,ash-jade|standard_apartment|5|126|2290000,unit_type,standard_apartment,https://www.yad2.co.il/yad1/newprojects/south?category=1,major_property_platform,2026-09-12,PUBLIC_PROJECT_MODEL,
competitor_variant,ash-jade|standard_apartment|5|126|2290000,internal_area_sqm,126,https://www.yad2.co.il/yad1/newprojects/south?category=1,major_property_platform,2026-09-12,PUBLIC_PROJECT_MODEL,
competitor_variant,ash-jade|standard_apartment|5|126|2290000,price_ils,2290000,https://www.yad2.co.il/yad1/newprojects/south?category=1,major_property_platform,2026-09-12,PUBLIC_PROJECT_MODEL,
competitor_variant,ash-jade|standard_apartment|5|126|2290000,price_type,STARTING_PRICE,https://www.yad2.co.il/yad1/newprojects/south?category=1,major_property_platform,2026-09-12,PUBLIC_PROJECT_MODEL,
competitor_variant,ash-jade|standard_apartment|6|146|2680000,rooms,6,https://www.yad2.co.il/yad1/newprojects/south?category=1,major_property_platform,2026-09-12,PUBLIC_PROJECT_MODEL,
competitor_variant,ash-jade|standard_apartment|6|146|2680000,unit_type,standard_apartment,https://www.yad2.co.il/yad1/newprojects/south?category=1,major_property_platform,2026-09-12,PUBLIC_PROJECT_MODEL,
competitor_variant,ash-jade|standard_apartment|6|146|2680000,internal_area_sqm,146,https://www.yad2.co.il/yad1/newprojects/south?category=1,major_property_platform,2026-09-12,PUBLIC_PROJECT_MODEL,
competitor_variant,ash-jade|standard_apartment|6|146|2680000,price_ils,2680000,https://www.yad2.co.il/yad1/newprojects/south?category=1,major_property_platform,2026-09-12,PUBLIC_PROJECT_MODEL,
competitor_variant,ash-jade|standard_apartment|6|146|2680000,price_type,STARTING_PRICE,https://www.yad2.co.il/yad1/newprojects/south?category=1,major_property_platform,2026-09-12,PUBLIC_PROJECT_MODEL,
asking,ta-v2-anglo-3418,listing_id,ta-v2-anglo-3418,https://www.anglo-saxon.co.il/properties/single/?id=3418,Anglo-Saxon,2026-09-12,DIRECT_LISTING_PRODUCT_VERIFIED,
asking,ta-v2-anglo-3418,relevant_segments,APT39;APT38,https://www.anglo-saxon.co.il/properties/single/?id=3418,Anglo-Saxon,2026-09-12,DIRECT_LISTING_PRODUCT_VERIFIED,
asking,ta-v2-anglo-3418,segment_classification,DIRECT_TYPOLOGY_SIZE_RELAXED,https://www.anglo-saxon.co.il/properties/single/?id=3418,Anglo-Saxon,2026-09-12,DIRECT_LISTING_PRODUCT_VERIFIED,
asking,ta-v2-anglo-3418,address,"יד אליהו, תל אביב-יפו (exact street not exposed in search result)",https://www.anglo-saxon.co.il/properties/single/?id=3418,Anglo-Saxon,2026-09-12,DIRECT_LISTING_PRODUCT_VERIFIED,
asking,ta-v2-anglo-3418,city,תל אביב-יפו,https://www.anglo-saxon.co.il/properties/single/?id=3418,Anglo-Saxon,2026-09-12,DIRECT_LISTING_PRODUCT_VERIFIED,
asking,ta-v2-anglo-3418,raw_neighborhood_label,יד אליהו,https://www.anglo-saxon.co.il/properties/single/?id=3418,Anglo-Saxon,2026-09-12,DIRECT_LISTING_PRODUCT_VERIFIED,
asking,ta-v2-anglo-3418,normalized_submarket,יד אליהו,https://www.anglo-saxon.co.il/properties/single/?id=3418,Anglo-Saxon,2026-09-12,DIRECT_LISTING_PRODUCT_VERIFIED,
asking,ta-v2-anglo-3418,geography_tier,CORE,https://www.anglo-saxon.co.il/properties/single/?id=3418,Anglo-Saxon,2026-09-12,DIRECT_LISTING_PRODUCT_VERIFIED,
asking,ta-v2-anglo-3418,tier_reason,Exact target neighborhood,https://www.anglo-saxon.co.il/properties/single/?id=3418,Anglo-Saxon,2026-09-12,DIRECT_LISTING_PRODUCT_VERIFIED,
asking,ta-v2-anglo-3418,rooms,5,https://www.anglo-saxon.co.il/properties/single/?id=3418,Anglo-Saxon,2026-09-12,DIRECT_LISTING_PRODUCT_VERIFIED,
asking,ta-v2-anglo-3418,internal_area,150,https://www.anglo-saxon.co.il/properties/single/?id=3418,Anglo-Saxon,2026-09-12,DIRECT_LISTING_PRODUCT_VERIFIED,
asking,ta-v2-anglo-3418,product_type,duplex,https://www.anglo-saxon.co.il/properties/single/?id=3418,Anglo-Saxon,2026-09-12,DIRECT_LISTING_PRODUCT_VERIFIED,
asking,ta-v2-anglo-3418,floor,6/6,https://www.anglo-saxon.co.il/properties/single/?id=3418,Anglo-Saxon,2026-09-12,DIRECT_LISTING_PRODUCT_VERIFIED,
asking,ta-v2-anglo-3418,balcony_area,70,https://www.anglo-saxon.co.il/properties/single/?id=3418,Anglo-Saxon,2026-09-12,DIRECT_LISTING_PRODUCT_VERIFIED,
asking,ta-v2-anglo-3418,outdoor_area,70,https://www.anglo-saxon.co.il/properties/single/?id=3418,Anglo-Saxon,2026-09-12,DIRECT_LISTING_PRODUCT_VERIFIED,
asking,ta-v2-anglo-3418,price,2200000,https://www.anglo-saxon.co.il/properties/single/?id=3418,Anglo-Saxon,2026-09-12,DIRECT_LISTING_PRODUCT_VERIFIED,
asking,ta-v2-anglo-3418,price_per_sqm,14666.67,https://www.anglo-saxon.co.il/properties/single/?id=3418,Anglo-Saxon,2026-09-12,DIRECT_LISTING_PRODUCT_VERIFIED,
asking,ta-v2-anglo-3418,price_type,CURRENT_ASKING,https://www.anglo-saxon.co.il/properties/single/?id=3418,Anglo-Saxon,2026-09-12,DIRECT_LISTING_PRODUCT_VERIFIED,
asking,ta-v2-anglo-3418,parking,true,https://www.anglo-saxon.co.il/properties/single/?id=3418,Anglo-Saxon,2026-09-12,DIRECT_LISTING_PRODUCT_VERIFIED,
asking,ta-v2-anglo-3418,mamad,true,https://www.anglo-saxon.co.il/properties/single/?id=3418,Anglo-Saxon,2026-09-12,DIRECT_LISTING_PRODUCT_VERIFIED,
asking,ta-v2-anglo-3418,observed_date,2026-09-12,https://www.anglo-saxon.co.il/properties/single/?id=3418,Anglo-Saxon,2026-09-12,DIRECT_LISTING_PRODUCT_VERIFIED,
asking,ta-v2-anglo-3418,retrieved_at,2026-09-12,https://www.anglo-saxon.co.il/properties/single/?id=3418,Anglo-Saxon,2026-09-12,DIRECT_LISTING_PRODUCT_VERIFIED,
asking,ta-v2-anglo-3418,source_name,Anglo-Saxon,https://www.anglo-saxon.co.il/properties/single/?id=3418,Anglo-Saxon,2026-09-12,DIRECT_LISTING_PRODUCT_VERIFIED,
asking,ta-v2-anglo-3418,source_title,Duplex for sale — listing 3418,https://www.anglo-saxon.co.il/properties/single/?id=3418,Anglo-Saxon,2026-09-12,DIRECT_LISTING_PRODUCT_VERIFIED,
asking,ta-v2-anglo-3418,direct_url,https://www.anglo-saxon.co.il/properties/single/?id=3418,https://www.anglo-saxon.co.il/properties/single/?id=3418,Anglo-Saxon,2026-09-12,DIRECT_LISTING_PRODUCT_VERIFIED,
asking,ta-v2-anglo-3418,source_record_id,3418,https://www.anglo-saxon.co.il/properties/single/?id=3418,Anglo-Saxon,2026-09-12,DIRECT_LISTING_PRODUCT_VERIFIED,
asking,ta-v2-anglo-3418,lat,32.05899,https://www.anglo-saxon.co.il/properties/single/?id=3418,Anglo-Saxon,2026-09-12,DIRECT_LISTING_PRODUCT_VERIFIED,
asking,ta-v2-anglo-3418,lng,34.79285,https://www.anglo-saxon.co.il/properties/single/?id=3418,Anglo-Saxon,2026-09-12,DIRECT_LISTING_PRODUCT_VERIFIED,
asking,ta-v2-anglo-3418,coordinate_precision,NEIGHBORHOOD_CENTROID,https://www.anglo-saxon.co.il/properties/single/?id=3418,Anglo-Saxon,2026-09-12,DIRECT_LISTING_PRODUCT_VERIFIED,
asking,ta-v2-anglo-3418,validation_status,DIRECT_LISTING_PRODUCT_VERIFIED,https://www.anglo-saxon.co.il/properties/single/?id=3418,Anglo-Saxon,2026-09-12,DIRECT_LISTING_PRODUCT_VERIFIED,
asking,ta-v2-anglo-3418,dedupe_status,UNIQUE_OBSERVATION,https://www.anglo-saxon.co.il/properties/single/?id=3418,Anglo-Saxon,2026-09-12,DIRECT_LISTING_PRODUCT_VERIFIED,
asking,ta-v2-anglo-3418,source_url,https://www.anglo-saxon.co.il/properties/single/?id=3418,https://www.anglo-saxon.co.il/properties/single/?id=3418,Anglo-Saxon,2026-09-12,DIRECT_LISTING_PRODUCT_VERIFIED,
asking,ta-v2-anglo-3417,listing_id,ta-v2-anglo-3417,https://www.anglo-saxon.co.il/properties/single/?id=3417,Anglo-Saxon,2026-09-12,DIRECT_LISTING_PRODUCT_VERIFIED,
asking,ta-v2-anglo-3417,relevant_segments,APT38;APT39;APT36_37,https://www.anglo-saxon.co.il/properties/single/?id=3417,Anglo-Saxon,2026-09-12,DIRECT_LISTING_PRODUCT_VERIFIED,
asking,ta-v2-anglo-3417,segment_classification,DIRECT_TYPOLOGY_SIZE_RELAXED,https://www.anglo-saxon.co.il/properties/single/?id=3417,Anglo-Saxon,2026-09-12,DIRECT_LISTING_PRODUCT_VERIFIED,
asking,ta-v2-anglo-3417,address,"יד אליהו, תל אביב-יפו (exact street not exposed in search result)",https://www.anglo-saxon.co.il/properties/single/?id=3417,Anglo-Saxon,2026-09-12,DIRECT_LISTING_PRODUCT_VERIFIED,
asking,ta-v2-anglo-3417,city,תל אביב-יפו,https://www.anglo-saxon.co.il/properties/single/?id=3417,Anglo-Saxon,2026-09-12,DIRECT_LISTING_PRODUCT_VERIFIED,
asking,ta-v2-anglo-3417,raw_neighborhood_label,יד אליהו,https://www.anglo-saxon.co.il/properties/single/?id=3417,Anglo-Saxon,2026-09-12,DIRECT_LISTING_PRODUCT_VERIFIED,
asking,ta-v2-anglo-3417,normalized_submarket,יד אליהו,https://www.anglo-saxon.co.il/properties/single/?id=3417,Anglo-Saxon,2026-09-12,DIRECT_LISTING_PRODUCT_VERIFIED,
asking,ta-v2-anglo-3417,geography_tier,CORE,https://www.anglo-saxon.co.il/properties/single/?id=3417,Anglo-Saxon,2026-09-12,DIRECT_LISTING_PRODUCT_VERIFIED,
asking,ta-v2-anglo-3417,tier_reason,Exact target neighborhood,https://www.anglo-saxon.co.il/properties/single/?id=3417,Anglo-Saxon,2026-09-12,DIRECT_LISTING_PRODUCT_VERIFIED,
asking,ta-v2-anglo-3417,rooms,6,https://www.anglo-saxon.co.il/properties/single/?id=3417,Anglo-Saxon,2026-09-12,DIRECT_LISTING_PRODUCT_VERIFIED,
asking,ta-v2-anglo-3417,internal_area,170,https://www.anglo-saxon.co.il/properties/single/?id=3417,Anglo-Saxon,2026-09-12,DIRECT_LISTING_PRODUCT_VERIFIED,
asking,ta-v2-anglo-3417,product_type,duplex,https://www.anglo-saxon.co.il/properties/single/?id=3417,Anglo-Saxon,2026-09-12,DIRECT_LISTING_PRODUCT_VERIFIED,
asking,ta-v2-anglo-3417,floor,4/5,https://www.anglo-saxon.co.il/properties/single/?id=3417,Anglo-Saxon,2026-09-12,DIRECT_LISTING_PRODUCT_VERIFIED,
asking,ta-v2-anglo-3417,balcony_area,80,https://www.anglo-saxon.co.il/properties/single/?id=3417,Anglo-Saxon,2026-09-12,DIRECT_LISTING_PRODUCT_VERIFIED,
asking,ta-v2-anglo-3417,outdoor_area,80,https://www.anglo-saxon.co.il/properties/single/?id=3417,Anglo-Saxon,2026-09-12,DIRECT_LISTING_PRODUCT_VERIFIED,
asking,ta-v2-anglo-3417,price,2500000,https://www.anglo-saxon.co.il/properties/single/?id=3417,Anglo-Saxon,2026-09-12,DIRECT_LISTING_PRODUCT_VERIFIED,
asking,ta-v2-anglo-3417,price_per_sqm,14705.88,https://www.anglo-saxon.co.il/properties/single/?id=3417,Anglo-Saxon,2026-09-12,DIRECT_LISTING_PRODUCT_VERIFIED,
asking,ta-v2-anglo-3417,price_type,CURRENT_ASKING,https://www.anglo-saxon.co.il/properties/single/?id=3417,Anglo-Saxon,2026-09-12,DIRECT_LISTING_PRODUCT_VERIFIED,
asking,ta-v2-anglo-3417,parking,true,https://www.anglo-saxon.co.il/properties/single/?id=3417,Anglo-Saxon,2026-09-12,DIRECT_LISTING_PRODUCT_VERIFIED,
asking,ta-v2-anglo-3417,orientation,3 directions; directions not stated,https://www.anglo-saxon.co.il/properties/single/?id=3417,Anglo-Saxon,2026-09-12,DIRECT_LISTING_PRODUCT_VERIFIED,
asking,ta-v2-anglo-3417,observed_date,2026-09-12,https://www.anglo-saxon.co.il/properties/single/?id=3417,Anglo-Saxon,2026-09-12,DIRECT_LISTING_PRODUCT_VERIFIED,
asking,ta-v2-anglo-3417,retrieved_at,2026-09-12,https://www.anglo-saxon.co.il/properties/single/?id=3417,Anglo-Saxon,2026-09-12,DIRECT_LISTING_PRODUCT_VERIFIED,
asking,ta-v2-anglo-3417,source_name,Anglo-Saxon,https://www.anglo-saxon.co.il/properties/single/?id=3417,Anglo-Saxon,2026-09-12,DIRECT_LISTING_PRODUCT_VERIFIED,
asking,ta-v2-anglo-3417,source_title,Duplex for sale — listing 3417,https://www.anglo-saxon.co.il/properties/single/?id=3417,Anglo-Saxon,2026-09-12,DIRECT_LISTING_PRODUCT_VERIFIED,
asking,ta-v2-anglo-3417,direct_url,https://www.anglo-saxon.co.il/properties/single/?id=3417,https://www.anglo-saxon.co.il/properties/single/?id=3417,Anglo-Saxon,2026-09-12,DIRECT_LISTING_PRODUCT_VERIFIED,
asking,ta-v2-anglo-3417,source_record_id,3417,https://www.anglo-saxon.co.il/properties/single/?id=3417,Anglo-Saxon,2026-09-12,DIRECT_LISTING_PRODUCT_VERIFIED,
asking,ta-v2-anglo-3417,lat,32.05899,https://www.anglo-saxon.co.il/properties/single/?id=3417,Anglo-Saxon,2026-09-12,DIRECT_LISTING_PRODUCT_VERIFIED,
asking,ta-v2-anglo-3417,lng,34.79285,https://www.anglo-saxon.co.il/properties/single/?id=3417,Anglo-Saxon,2026-09-12,DIRECT_LISTING_PRODUCT_VERIFIED,
asking,ta-v2-anglo-3417,coordinate_precision,NEIGHBORHOOD_CENTROID,https://www.anglo-saxon.co.il/properties/single/?id=3417,Anglo-Saxon,2026-09-12,DIRECT_LISTING_PRODUCT_VERIFIED,
asking,ta-v2-anglo-3417,validation_status,DIRECT_LISTING_PRODUCT_VERIFIED,https://www.anglo-saxon.co.il/properties/single/?id=3417,Anglo-Saxon,2026-09-12,DIRECT_LISTING_PRODUCT_VERIFIED,
asking,ta-v2-anglo-3417,dedupe_status,UNIQUE_OBSERVATION,https://www.anglo-saxon.co.il/properties/single/?id=3417,Anglo-Saxon,2026-09-12,DIRECT_LISTING_PRODUCT_VERIFIED,
asking,ta-v2-anglo-3417,source_url,https://www.anglo-saxon.co.il/properties/single/?id=3417,https://www.anglo-saxon.co.il/properties/single/?id=3417,Anglo-Saxon,2026-09-12,DIRECT_LISTING_PRODUCT_VERIFIED,
asking,net-v2-dekel-6r163-5200,listing_id,net-v2-dekel-6r163-5200,https://www.yad2.co.il/realestate/forsale/center-and-sharon?area=17&city=7400&maxRooms=6&minRooms=6&neighborhood=341&property=7&sort=price-desc,Yad2,2026-09-12,DIRECT_SEARCH_RESULT_PRODUCT_VERIFIED,
asking,net-v2-dekel-6r163-5200,relevant_segments,APT38;APT39;APT36_37,https://www.yad2.co.il/realestate/forsale/center-and-sharon?area=17&city=7400&maxRooms=6&minRooms=6&neighborhood=341&property=7&sort=price-desc,Yad2,2026-09-12,DIRECT_SEARCH_RESULT_PRODUCT_VERIFIED,
asking,net-v2-dekel-6r163-5200,segment_classification,DIRECT_TYPOLOGY_SIZE_RELAXED,https://www.yad2.co.il/realestate/forsale/center-and-sharon?area=17&city=7400&maxRooms=6&minRooms=6&neighborhood=341&property=7&sort=price-desc,Yad2,2026-09-12,DIRECT_SEARCH_RESULT_PRODUCT_VERIFIED,
asking,net-v2-dekel-6r163-5200,address,"דקל, קריית השרון, נתניה",https://www.yad2.co.il/realestate/forsale/center-and-sharon?area=17&city=7400&maxRooms=6&minRooms=6&neighborhood=341&property=7&sort=price-desc,Yad2,2026-09-12,DIRECT_SEARCH_RESULT_PRODUCT_VERIFIED,
asking,net-v2-dekel-6r163-5200,city,נתניה,https://www.yad2.co.il/realestate/forsale/center-and-sharon?area=17&city=7400&maxRooms=6&minRooms=6&neighborhood=341&property=7&sort=price-desc,Yad2,2026-09-12,DIRECT_SEARCH_RESULT_PRODUCT_VERIFIED,
asking,net-v2-dekel-6r163-5200,raw_neighborhood_label,קריית השרון,https://www.yad2.co.il/realestate/forsale/center-and-sharon?area=17&city=7400&maxRooms=6&minRooms=6&neighborhood=341&property=7&sort=price-desc,Yad2,2026-09-12,DIRECT_SEARCH_RESULT_PRODUCT_VERIFIED,
asking,net-v2-dekel-6r163-5200,normalized_submarket,קריית השרון,https://www.yad2.co.il/realestate/forsale/center-and-sharon?area=17&city=7400&maxRooms=6&minRooms=6&neighborhood=341&property=7&sort=price-desc,Yad2,2026-09-12,DIRECT_SEARCH_RESULT_PRODUCT_VERIFIED,
asking,net-v2-dekel-6r163-5200,geography_tier,CORE,https://www.yad2.co.il/realestate/forsale/center-and-sharon?area=17&city=7400&maxRooms=6&minRooms=6&neighborhood=341&property=7&sort=price-desc,Yad2,2026-09-12,DIRECT_SEARCH_RESULT_PRODUCT_VERIFIED,
asking,net-v2-dekel-6r163-5200,tier_reason,Exact target submarket,https://www.yad2.co.il/realestate/forsale/center-and-sharon?area=17&city=7400&maxRooms=6&minRooms=6&neighborhood=341&property=7&sort=price-desc,Yad2,2026-09-12,DIRECT_SEARCH_RESULT_PRODUCT_VERIFIED,
asking,net-v2-dekel-6r163-5200,rooms,6,https://www.yad2.co.il/realestate/forsale/center-and-sharon?area=17&city=7400&maxRooms=6&minRooms=6&neighborhood=341&property=7&sort=price-desc,Yad2,2026-09-12,DIRECT_SEARCH_RESULT_PRODUCT_VERIFIED,
asking,net-v2-dekel-6r163-5200,internal_area,163,https://www.yad2.co.il/realestate/forsale/center-and-sharon?area=17&city=7400&maxRooms=6&minRooms=6&neighborhood=341&property=7&sort=price-desc,Yad2,2026-09-12,DIRECT_SEARCH_RESULT_PRODUCT_VERIFIED,
asking,net-v2-dekel-6r163-5200,product_type,duplex,https://www.yad2.co.il/realestate/forsale/center-and-sharon?area=17&city=7400&maxRooms=6&minRooms=6&neighborhood=341&property=7&sort=price-desc,Yad2,2026-09-12,DIRECT_SEARCH_RESULT_PRODUCT_VERIFIED,
asking,net-v2-dekel-6r163-5200,floor,12,https://www.yad2.co.il/realestate/forsale/center-and-sharon?area=17&city=7400&maxRooms=6&minRooms=6&neighborhood=341&property=7&sort=price-desc,Yad2,2026-09-12,DIRECT_SEARCH_RESULT_PRODUCT_VERIFIED,
asking,net-v2-dekel-6r163-5200,price,5200000,https://www.yad2.co.il/realestate/forsale/center-and-sharon?area=17&city=7400&maxRooms=6&minRooms=6&neighborhood=341&property=7&sort=price-desc,Yad2,2026-09-12,DIRECT_SEARCH_RESULT_PRODUCT_VERIFIED,
asking,net-v2-dekel-6r163-5200,price_per_sqm,31901.84,https://www.yad2.co.il/realestate/forsale/center-and-sharon?area=17&city=7400&maxRooms=6&minRooms=6&neighborhood=341&property=7&sort=price-desc,Yad2,2026-09-12,DIRECT_SEARCH_RESULT_PRODUCT_VERIFIED,
asking,net-v2-dekel-6r163-5200,price_type,CURRENT_ASKING,https://www.yad2.co.il/realestate/forsale/center-and-sharon?area=17&city=7400&maxRooms=6&minRooms=6&neighborhood=341&property=7&sort=price-desc,Yad2,2026-09-12,DIRECT_SEARCH_RESULT_PRODUCT_VERIFIED,
asking,net-v2-dekel-6r163-5200,observed_date,2026-09-12,https://www.yad2.co.il/realestate/forsale/center-and-sharon?area=17&city=7400&maxRooms=6&minRooms=6&neighborhood=341&property=7&sort=price-desc,Yad2,2026-09-12,DIRECT_SEARCH_RESULT_PRODUCT_VERIFIED,
asking,net-v2-dekel-6r163-5200,retrieved_at,2026-09-12,https://www.yad2.co.il/realestate/forsale/center-and-sharon?area=17&city=7400&maxRooms=6&minRooms=6&neighborhood=341&property=7&sort=price-desc,Yad2,2026-09-12,DIRECT_SEARCH_RESULT_PRODUCT_VERIFIED,
asking,net-v2-dekel-6r163-5200,source_name,Yad2,https://www.yad2.co.il/realestate/forsale/center-and-sharon?area=17&city=7400&maxRooms=6&minRooms=6&neighborhood=341&property=7&sort=price-desc,Yad2,2026-09-12,DIRECT_SEARCH_RESULT_PRODUCT_VERIFIED,
asking,net-v2-dekel-6r163-5200,source_title,6-room duplex in Kiryat Hasharon — Dekel,https://www.yad2.co.il/realestate/forsale/center-and-sharon?area=17&city=7400&maxRooms=6&minRooms=6&neighborhood=341&property=7&sort=price-desc,Yad2,2026-09-12,DIRECT_SEARCH_RESULT_PRODUCT_VERIFIED,
asking,net-v2-dekel-6r163-5200,direct_url,https://www.yad2.co.il/realestate/forsale/center-and-sharon?area=17&city=7400&maxRooms=6&minRooms=6&neighborhood=341&property=7&sort=price-desc,https://www.yad2.co.il/realestate/forsale/center-and-sharon?area=17&city=7400&maxRooms=6&minRooms=6&neighborhood=341&property=7&sort=price-desc,Yad2,2026-09-12,DIRECT_SEARCH_RESULT_PRODUCT_VERIFIED,
asking,net-v2-dekel-6r163-5200,source_record_id,DIRECT_ID_NOT_RECOVERED,https://www.yad2.co.il/realestate/forsale/center-and-sharon?area=17&city=7400&maxRooms=6&minRooms=6&neighborhood=341&property=7&sort=price-desc,Yad2,2026-09-12,DIRECT_SEARCH_RESULT_PRODUCT_VERIFIED,
asking,net-v2-dekel-6r163-5200,lat,32.30321,https://www.yad2.co.il/realestate/forsale/center-and-sharon?area=17&city=7400&maxRooms=6&minRooms=6&neighborhood=341&property=7&sort=price-desc,Yad2,2026-09-12,DIRECT_SEARCH_RESULT_PRODUCT_VERIFIED,
asking,net-v2-dekel-6r163-5200,lng,34.87567,https://www.yad2.co.il/realestate/forsale/center-and-sharon?area=17&city=7400&maxRooms=6&minRooms=6&neighborhood=341&property=7&sort=price-desc,Yad2,2026-09-12,DIRECT_SEARCH_RESULT_PRODUCT_VERIFIED,
asking,net-v2-dekel-6r163-5200,coordinate_precision,NEIGHBORHOOD_CENTROID,https://www.yad2.co.il/realestate/forsale/center-and-sharon?area=17&city=7400&maxRooms=6&minRooms=6&neighborhood=341&property=7&sort=price-desc,Yad2,2026-09-12,DIRECT_SEARCH_RESULT_PRODUCT_VERIFIED,
asking,net-v2-dekel-6r163-5200,validation_status,DIRECT_SEARCH_RESULT_PRODUCT_VERIFIED,https://www.yad2.co.il/realestate/forsale/center-and-sharon?area=17&city=7400&maxRooms=6&minRooms=6&neighborhood=341&property=7&sort=price-desc,Yad2,2026-09-12,DIRECT_SEARCH_RESULT_PRODUCT_VERIFIED,
asking,net-v2-dekel-6r163-5200,duplicate_group_id,net-dekel-duplex,https://www.yad2.co.il/realestate/forsale/center-and-sharon?area=17&city=7400&maxRooms=6&minRooms=6&neighborhood=341&property=7&sort=price-desc,Yad2,2026-09-12,DIRECT_SEARCH_RESULT_PRODUCT_VERIFIED,
asking,net-v2-dekel-6r163-5200,dedupe_status,DISTINCT_BY_FLOOR_AND_AREA,https://www.yad2.co.il/realestate/forsale/center-and-sharon?area=17&city=7400&maxRooms=6&minRooms=6&neighborhood=341&property=7&sort=price-desc,Yad2,2026-09-12,DIRECT_SEARCH_RESULT_PRODUCT_VERIFIED,
asking,net-v2-dekel-6r163-5200,source_url,https://www.yad2.co.il/realestate/forsale/center-and-sharon?area=17&city=7400&maxRooms=6&minRooms=6&neighborhood=341&property=7&sort=price-desc,https://www.yad2.co.il/realestate/forsale/center-and-sharon?area=17&city=7400&maxRooms=6&minRooms=6&neighborhood=341&property=7&sort=price-desc,Yad2,2026-09-12,DIRECT_SEARCH_RESULT_PRODUCT_VERIFIED,
asking,net-v2-bnei-reich21-4500,listing_id,net-v2-bnei-reich21-4500,https://www.yad2.co.il/realestate/forsale/center-and-sharon?area=17&city=7400&neighborhood=341&property=7,Yad2,2026-09-12,CONFLICT,
asking,net-v2-bnei-reich21-4500,relevant_segments,APT36_37;APT38;APT39,https://www.yad2.co.il/realestate/forsale/center-and-sharon?area=17&city=7400&neighborhood=341&property=7,Yad2,2026-09-12,CONFLICT,
asking,net-v2-bnei-reich21-4500,segment_classification,DIRECT_TYPOLOGY_SIZE_RELAXED,https://www.yad2.co.il/realestate/forsale/center-and-sharon?area=17&city=7400&neighborhood=341&property=7,Yad2,2026-09-12,CONFLICT,
asking,net-v2-bnei-reich21-4500,address,"בני ו. רייך 21, קריית השרון, נתניה",https://www.yad2.co.il/realestate/forsale/center-and-sharon?area=17&city=7400&neighborhood=341&property=7,Yad2,2026-09-12,CONFLICT,
asking,net-v2-bnei-reich21-4500,city,נתניה,https://www.yad2.co.il/realestate/forsale/center-and-sharon?area=17&city=7400&neighborhood=341&property=7,Yad2,2026-09-12,CONFLICT,
asking,net-v2-bnei-reich21-4500,raw_neighborhood_label,קריית השרון,https://www.yad2.co.il/realestate/forsale/center-and-sharon?area=17&city=7400&neighborhood=341&property=7,Yad2,2026-09-12,CONFLICT,
asking,net-v2-bnei-reich21-4500,normalized_submarket,קריית השרון,https://www.yad2.co.il/realestate/forsale/center-and-sharon?area=17&city=7400&neighborhood=341&property=7,Yad2,2026-09-12,CONFLICT,
asking,net-v2-bnei-reich21-4500,geography_tier,CORE,https://www.yad2.co.il/realestate/forsale/center-and-sharon?area=17&city=7400&neighborhood=341&property=7,Yad2,2026-09-12,CONFLICT,
asking,net-v2-bnei-reich21-4500,tier_reason,Exact target submarket,https://www.yad2.co.il/realestate/forsale/center-and-sharon?area=17&city=7400&neighborhood=341&property=7,Yad2,2026-09-12,CONFLICT,
asking,net-v2-bnei-reich21-4500,rooms,6,https://www.yad2.co.il/realestate/forsale/center-and-sharon?area=17&city=7400&neighborhood=341&property=7,Yad2,2026-09-12,CONFLICT,
asking,net-v2-bnei-reich21-4500,internal_area,222,https://www.yad2.co.il/realestate/forsale/center-and-sharon?area=17&city=7400&neighborhood=341&property=7,Yad2,2026-09-12,CONFLICT,
asking,net-v2-bnei-reich21-4500,product_type,duplex,https://www.yad2.co.il/realestate/forsale/center-and-sharon?area=17&city=7400&neighborhood=341&property=7,Yad2,2026-09-12,CONFLICT,
asking,net-v2-bnei-reich21-4500,floor,7,https://www.yad2.co.il/realestate/forsale/center-and-sharon?area=17&city=7400&neighborhood=341&property=7,Yad2,2026-09-12,CONFLICT,
asking,net-v2-bnei-reich21-4500,price,4500000,https://www.yad2.co.il/realestate/forsale/center-and-sharon?area=17&city=7400&neighborhood=341&property=7,Yad2,2026-09-12,CONFLICT,
asking,net-v2-bnei-reich21-4500,price_per_sqm,20270.27,https://www.yad2.co.il/realestate/forsale/center-and-sharon?area=17&city=7400&neighborhood=341&property=7,Yad2,2026-09-12,CONFLICT,
asking,net-v2-bnei-reich21-4500,price_type,CURRENT_ASKING,https://www.yad2.co.il/realestate/forsale/center-and-sharon?area=17&city=7400&neighborhood=341&property=7,Yad2,2026-09-12,CONFLICT,
asking,net-v2-bnei-reich21-4500,observed_date,2026-09-12,https://www.yad2.co.il/realestate/forsale/center-and-sharon?area=17&city=7400&neighborhood=341&property=7,Yad2,2026-09-12,CONFLICT,
asking,net-v2-bnei-reich21-4500,retrieved_at,2026-09-12,https://www.yad2.co.il/realestate/forsale/center-and-sharon?area=17&city=7400&neighborhood=341&property=7,Yad2,2026-09-12,CONFLICT,
asking,net-v2-bnei-reich21-4500,source_name,Yad2,https://www.yad2.co.il/realestate/forsale/center-and-sharon?area=17&city=7400&neighborhood=341&property=7,Yad2,2026-09-12,CONFLICT,
asking,net-v2-bnei-reich21-4500,source_title,Bnei V. Reich 21 duplex search observation,https://www.yad2.co.il/realestate/forsale/center-and-sharon?area=17&city=7400&neighborhood=341&property=7,Yad2,2026-09-12,CONFLICT,
asking,net-v2-bnei-reich21-4500,direct_url,https://www.yad2.co.il/realestate/forsale/center-and-sharon?area=17&city=7400&neighborhood=341&property=7,https://www.yad2.co.il/realestate/forsale/center-and-sharon?area=17&city=7400&neighborhood=341&property=7,Yad2,2026-09-12,CONFLICT,
asking,net-v2-bnei-reich21-4500,source_record_id,DIRECT_ID_NOT_RECOVERED,https://www.yad2.co.il/realestate/forsale/center-and-sharon?area=17&city=7400&neighborhood=341&property=7,Yad2,2026-09-12,CONFLICT,
asking,net-v2-bnei-reich21-4500,lat,32.30321,https://www.yad2.co.il/realestate/forsale/center-and-sharon?area=17&city=7400&neighborhood=341&property=7,Yad2,2026-09-12,CONFLICT,
asking,net-v2-bnei-reich21-4500,lng,34.87567,https://www.yad2.co.il/realestate/forsale/center-and-sharon?area=17&city=7400&neighborhood=341&property=7,Yad2,2026-09-12,CONFLICT,
asking,net-v2-bnei-reich21-4500,coordinate_precision,NEIGHBORHOOD_CENTROID,https://www.yad2.co.il/realestate/forsale/center-and-sharon?area=17&city=7400&neighborhood=341&property=7,Yad2,2026-09-12,CONFLICT,
asking,net-v2-bnei-reich21-4500,validation_status,CONFLICT,https://www.yad2.co.il/realestate/forsale/center-and-sharon?area=17&city=7400&neighborhood=341&property=7,Yad2,2026-09-12,CONFLICT,
asking,net-v2-bnei-reich21-4500,duplicate_group_id,net-bnei-reich21-duplex,https://www.yad2.co.il/realestate/forsale/center-and-sharon?area=17&city=7400&neighborhood=341&property=7,Yad2,2026-09-12,CONFLICT,
asking,net-v2-bnei-reich21-4500,dedupe_status,LIKELY_REPOST,https://www.yad2.co.il/realestate/forsale/center-and-sharon?area=17&city=7400&neighborhood=341&property=7,Yad2,2026-09-12,CONFLICT,
asking,net-v2-bnei-reich21-4500,source_url,https://www.yad2.co.il/realestate/forsale/center-and-sharon?area=17&city=7400&neighborhood=341&property=7,https://www.yad2.co.il/realestate/forsale/center-and-sharon?area=17&city=7400&neighborhood=341&property=7,Yad2,2026-09-12,CONFLICT,
asking,245117,listing_id,245117,https://www.homeless.co.il/sale/viewad%2C245117.aspx,Homeless,2026-09-12,CONFLICT,
asking,245117,relevant_segments,APT36_37;APT38;APT39,https://www.homeless.co.il/sale/viewad%2C245117.aspx,Homeless,2026-09-12,CONFLICT,
asking,245117,segment_classification,DIRECT_TYPOLOGY_SIZE_RELAXED,https://www.homeless.co.il/sale/viewad%2C245117.aspx,Homeless,2026-09-12,CONFLICT,
asking,245117,address,"בני ו. רייך 21, קריית השרון, נתניה",https://www.homeless.co.il/sale/viewad%2C245117.aspx,Homeless,2026-09-12,CONFLICT,
asking,245117,city,נתניה,https://www.homeless.co.il/sale/viewad%2C245117.aspx,Homeless,2026-09-12,CONFLICT,
asking,245117,raw_neighborhood_label,קריית השרון,https://www.homeless.co.il/sale/viewad%2C245117.aspx,Homeless,2026-09-12,CONFLICT,
asking,245117,normalized_submarket,קריית השרון,https://www.homeless.co.il/sale/viewad%2C245117.aspx,Homeless,2026-09-12,CONFLICT,
asking,245117,geography_tier,CORE,https://www.homeless.co.il/sale/viewad%2C245117.aspx,Homeless,2026-09-12,CONFLICT,
asking,245117,tier_reason,Exact target submarket,https://www.homeless.co.il/sale/viewad%2C245117.aspx,Homeless,2026-09-12,CONFLICT,
asking,245117,rooms,6,https://www.homeless.co.il/sale/viewad%2C245117.aspx,Homeless,2026-09-12,CONFLICT,
asking,245117,internal_area,230,https://www.homeless.co.il/sale/viewad%2C245117.aspx,Homeless,2026-09-12,CONFLICT,
asking,245117,product_type,duplex_penthouse,https://www.homeless.co.il/sale/viewad%2C245117.aspx,Homeless,2026-09-12,CONFLICT,
asking,245117,floor,7/7 (description mentions levels 7–8),https://www.homeless.co.il/sale/viewad%2C245117.aspx,Homeless,2026-09-12,CONFLICT,
asking,245117,price,4750000,https://www.homeless.co.il/sale/viewad%2C245117.aspx,Homeless,2026-09-12,CONFLICT,
asking,245117,price_per_sqm,20652.17,https://www.homeless.co.il/sale/viewad%2C245117.aspx,Homeless,2026-09-12,CONFLICT,
asking,245117,price_type,HISTORICAL_MARKETING_PRICE,https://www.homeless.co.il/sale/viewad%2C245117.aspx,Homeless,2026-09-12,CONFLICT,
asking,245117,parking,2,https://www.homeless.co.il/sale/viewad%2C245117.aspx,Homeless,2026-09-12,CONFLICT,
asking,245117,storage,true,https://www.homeless.co.il/sale/viewad%2C245117.aspx,Homeless,2026-09-12,CONFLICT,
asking,245117,observed_date,historical closed listing; retrieval 2026-09-12,https://www.homeless.co.il/sale/viewad%2C245117.aspx,Homeless,2026-09-12,CONFLICT,
asking,245117,retrieved_at,2026-09-12,https://www.homeless.co.il/sale/viewad%2C245117.aspx,Homeless,2026-09-12,CONFLICT,
asking,245117,source_name,Homeless,https://www.homeless.co.il/sale/viewad%2C245117.aspx,Homeless,2026-09-12,CONFLICT,
asking,245117,source_title,Bnei Reich 21 duplex/penthouse — listing 245117,https://www.homeless.co.il/sale/viewad%2C245117.aspx,Homeless,2026-09-12,CONFLICT,
asking,245117,direct_url,https://www.homeless.co.il/sale/viewad%2C245117.aspx,https://www.homeless.co.il/sale/viewad%2C245117.aspx,Homeless,2026-09-12,CONFLICT,
asking,245117,source_record_id,245117,https://www.homeless.co.il/sale/viewad%2C245117.aspx,Homeless,2026-09-12,CONFLICT,
asking,245117,lat,32.30321,https://www.homeless.co.il/sale/viewad%2C245117.aspx,Homeless,2026-09-12,CONFLICT,
asking,245117,lng,34.87567,https://www.homeless.co.il/sale/viewad%2C245117.aspx,Homeless,2026-09-12,CONFLICT,
asking,245117,coordinate_precision,NEIGHBORHOOD_CENTROID,https://www.homeless.co.il/sale/viewad%2C245117.aspx,Homeless,2026-09-12,CONFLICT,
asking,245117,validation_status,CONFLICT,https://www.homeless.co.il/sale/viewad%2C245117.aspx,Homeless,2026-09-12,CONFLICT,
asking,245117,duplicate_group_id,net-bnei-reich21-duplex,https://www.homeless.co.il/sale/viewad%2C245117.aspx,Homeless,2026-09-12,CONFLICT,
asking,245117,dedupe_status,LIKELY_REPOST,https://www.homeless.co.il/sale/viewad%2C245117.aspx,Homeless,2026-09-12,CONFLICT,
asking,245117,source_url,https://www.homeless.co.il/sale/viewad%2C245117.aspx,https://www.homeless.co.il/sale/viewad%2C245117.aspx,Homeless,2026-09-12,CONFLICT,
asking,58895,listing_id,58895,https://doortodoor.ltd/property-page/58895,DoorToDoor,2026-09-12,PRODUCT_BROADENED,
asking,58895,relevant_segments,APT1_2;APT3,https://doortodoor.ltd/property-page/58895,DoorToDoor,2026-09-12,PRODUCT_BROADENED,
asking,58895,segment_classification,PRODUCT_BROADENED,https://doortodoor.ltd/property-page/58895,DoorToDoor,2026-09-12,PRODUCT_BROADENED,
asking,58895,address,"משה שרת 34, ברנע, אשקלון",https://doortodoor.ltd/property-page/58895,DoorToDoor,2026-09-12,PRODUCT_BROADENED,
asking,58895,city,אשקלון,https://doortodoor.ltd/property-page/58895,DoorToDoor,2026-09-12,PRODUCT_BROADENED,
asking,58895,raw_neighborhood_label,ברנע,https://doortodoor.ltd/property-page/58895,DoorToDoor,2026-09-12,PRODUCT_BROADENED,
asking,58895,normalized_submarket,ברנע,https://doortodoor.ltd/property-page/58895,DoorToDoor,2026-09-12,PRODUCT_BROADENED,
asking,58895,geography_tier,CORE,https://doortodoor.ltd/property-page/58895,DoorToDoor,2026-09-12,PRODUCT_BROADENED,
asking,58895,tier_reason,Exact target neighborhood,https://doortodoor.ltd/property-page/58895,DoorToDoor,2026-09-12,PRODUCT_BROADENED,
asking,58895,rooms,3,https://doortodoor.ltd/property-page/58895,DoorToDoor,2026-09-12,PRODUCT_BROADENED,
asking,58895,internal_area,90,https://doortodoor.ltd/property-page/58895,DoorToDoor,2026-09-12,PRODUCT_BROADENED,
asking,58895,product_type,penthouse,https://doortodoor.ltd/property-page/58895,DoorToDoor,2026-09-12,PRODUCT_BROADENED,
asking,58895,balcony_area,20,https://doortodoor.ltd/property-page/58895,DoorToDoor,2026-09-12,PRODUCT_BROADENED,
asking,58895,outdoor_area,20,https://doortodoor.ltd/property-page/58895,DoorToDoor,2026-09-12,PRODUCT_BROADENED,
asking,58895,price,1380000,https://doortodoor.ltd/property-page/58895,DoorToDoor,2026-09-12,PRODUCT_BROADENED,
asking,58895,price_per_sqm,15333.33,https://doortodoor.ltd/property-page/58895,DoorToDoor,2026-09-12,PRODUCT_BROADENED,
asking,58895,price_type,CURRENT_ASKING,https://doortodoor.ltd/property-page/58895,DoorToDoor,2026-09-12,PRODUCT_BROADENED,
asking,58895,parking,true,https://doortodoor.ltd/property-page/58895,DoorToDoor,2026-09-12,PRODUCT_BROADENED,
asking,58895,mamad,true,https://doortodoor.ltd/property-page/58895,DoorToDoor,2026-09-12,PRODUCT_BROADENED,
asking,58895,observed_date,2026-06-11,https://doortodoor.ltd/property-page/58895,DoorToDoor,2026-09-12,PRODUCT_BROADENED,
asking,58895,retrieved_at,2026-09-12,https://doortodoor.ltd/property-page/58895,DoorToDoor,2026-09-12,PRODUCT_BROADENED,
asking,58895,source_name,DoorToDoor,https://doortodoor.ltd/property-page/58895,DoorToDoor,2026-09-12,PRODUCT_BROADENED,
asking,58895,source_title,3-room penthouse — Moshe Sharett 34,https://doortodoor.ltd/property-page/58895,DoorToDoor,2026-09-12,PRODUCT_BROADENED,
asking,58895,direct_url,https://doortodoor.ltd/property-page/58895,https://doortodoor.ltd/property-page/58895,DoorToDoor,2026-09-12,PRODUCT_BROADENED,
asking,58895,source_record_id,58895,https://doortodoor.ltd/property-page/58895,DoorToDoor,2026-09-12,PRODUCT_BROADENED,
asking,58895,lat,31.68751,https://doortodoor.ltd/property-page/58895,DoorToDoor,2026-09-12,PRODUCT_BROADENED,
asking,58895,lng,34.57109,https://doortodoor.ltd/property-page/58895,DoorToDoor,2026-09-12,PRODUCT_BROADENED,
asking,58895,coordinate_precision,NEIGHBORHOOD_CENTROID,https://doortodoor.ltd/property-page/58895,DoorToDoor,2026-09-12,PRODUCT_BROADENED,
asking,58895,validation_status,PRODUCT_BROADENED,https://doortodoor.ltd/property-page/58895,DoorToDoor,2026-09-12,PRODUCT_BROADENED,
asking,58895,dedupe_status,UNIQUE_OBSERVATION,https://doortodoor.ltd/property-page/58895,DoorToDoor,2026-09-12,PRODUCT_BROADENED,
asking,58895,source_url,https://doortodoor.ltd/property-page/58895,https://doortodoor.ltd/property-page/58895,DoorToDoor,2026-09-12,PRODUCT_BROADENED,
asking,ash-v2-inbar5-duplex-historical,listing_id,ash-v2-inbar5-duplex-historical,https://www.ad.co.il/archive/nadlansale?props=10-10&sp1=103&sp3=3&sp4=1849&view=list,ad.co.il archive,2026-09-12,HISTORICAL_CONTEXT,
asking,ash-v2-inbar5-duplex-historical,relevant_segments,APT39;APT38,https://www.ad.co.il/archive/nadlansale?props=10-10&sp1=103&sp3=3&sp4=1849&view=list,ad.co.il archive,2026-09-12,HISTORICAL_CONTEXT,
asking,ash-v2-inbar5-duplex-historical,segment_classification,DIRECT_TYPOLOGY_SIZE_RELAXED,https://www.ad.co.il/archive/nadlansale?props=10-10&sp1=103&sp3=3&sp4=1849&view=list,ad.co.il archive,2026-09-12,HISTORICAL_CONTEXT,
asking,ash-v2-inbar5-duplex-historical,address,"ענבר 5, ברנע, אשקלון",https://www.ad.co.il/archive/nadlansale?props=10-10&sp1=103&sp3=3&sp4=1849&view=list,ad.co.il archive,2026-09-12,HISTORICAL_CONTEXT,
asking,ash-v2-inbar5-duplex-historical,city,אשקלון,https://www.ad.co.il/archive/nadlansale?props=10-10&sp1=103&sp3=3&sp4=1849&view=list,ad.co.il archive,2026-09-12,HISTORICAL_CONTEXT,
asking,ash-v2-inbar5-duplex-historical,raw_neighborhood_label,ברנע,https://www.ad.co.il/archive/nadlansale?props=10-10&sp1=103&sp3=3&sp4=1849&view=list,ad.co.il archive,2026-09-12,HISTORICAL_CONTEXT,
asking,ash-v2-inbar5-duplex-historical,normalized_submarket,ברנע,https://www.ad.co.il/archive/nadlansale?props=10-10&sp1=103&sp3=3&sp4=1849&view=list,ad.co.il archive,2026-09-12,HISTORICAL_CONTEXT,
asking,ash-v2-inbar5-duplex-historical,geography_tier,CORE,https://www.ad.co.il/archive/nadlansale?props=10-10&sp1=103&sp3=3&sp4=1849&view=list,ad.co.il archive,2026-09-12,HISTORICAL_CONTEXT,
asking,ash-v2-inbar5-duplex-historical,tier_reason,Exact target neighborhood,https://www.ad.co.il/archive/nadlansale?props=10-10&sp1=103&sp3=3&sp4=1849&view=list,ad.co.il archive,2026-09-12,HISTORICAL_CONTEXT,
asking,ash-v2-inbar5-duplex-historical,rooms,5,https://www.ad.co.il/archive/nadlansale?props=10-10&sp1=103&sp3=3&sp4=1849&view=list,ad.co.il archive,2026-09-12,HISTORICAL_CONTEXT,
asking,ash-v2-inbar5-duplex-historical,internal_area,150,https://www.ad.co.il/archive/nadlansale?props=10-10&sp1=103&sp3=3&sp4=1849&view=list,ad.co.il archive,2026-09-12,HISTORICAL_CONTEXT,
asking,ash-v2-inbar5-duplex-historical,product_type,duplex,https://www.ad.co.il/archive/nadlansale?props=10-10&sp1=103&sp3=3&sp4=1849&view=list,ad.co.il archive,2026-09-12,HISTORICAL_CONTEXT,
asking,ash-v2-inbar5-duplex-historical,price,1450000,https://www.ad.co.il/archive/nadlansale?props=10-10&sp1=103&sp3=3&sp4=1849&view=list,ad.co.il archive,2026-09-12,HISTORICAL_CONTEXT,
asking,ash-v2-inbar5-duplex-historical,price_per_sqm,9666.67,https://www.ad.co.il/archive/nadlansale?props=10-10&sp1=103&sp3=3&sp4=1849&view=list,ad.co.il archive,2026-09-12,HISTORICAL_CONTEXT,
asking,ash-v2-inbar5-duplex-historical,price_type,HISTORICAL_MARKETING_PRICE,https://www.ad.co.il/archive/nadlansale?props=10-10&sp1=103&sp3=3&sp4=1849&view=list,ad.co.il archive,2026-09-12,HISTORICAL_CONTEXT,
asking,ash-v2-inbar5-duplex-historical,parking,true,https://www.ad.co.il/archive/nadlansale?props=10-10&sp1=103&sp3=3&sp4=1849&view=list,ad.co.il archive,2026-09-12,HISTORICAL_CONTEXT,
asking,ash-v2-inbar5-duplex-historical,observed_date,historical archive,https://www.ad.co.il/archive/nadlansale?props=10-10&sp1=103&sp3=3&sp4=1849&view=list,ad.co.il archive,2026-09-12,HISTORICAL_CONTEXT,
asking,ash-v2-inbar5-duplex-historical,retrieved_at,2026-09-12,https://www.ad.co.il/archive/nadlansale?props=10-10&sp1=103&sp3=3&sp4=1849&view=list,ad.co.il archive,2026-09-12,HISTORICAL_CONTEXT,
asking,ash-v2-inbar5-duplex-historical,source_name,ad.co.il archive,https://www.ad.co.il/archive/nadlansale?props=10-10&sp1=103&sp3=3&sp4=1849&view=list,ad.co.il archive,2026-09-12,HISTORICAL_CONTEXT,
asking,ash-v2-inbar5-duplex-historical,source_title,Historical Barnea duplex — Inbar 5,https://www.ad.co.il/archive/nadlansale?props=10-10&sp1=103&sp3=3&sp4=1849&view=list,ad.co.il archive,2026-09-12,HISTORICAL_CONTEXT,
asking,ash-v2-inbar5-duplex-historical,direct_url,https://www.ad.co.il/archive/nadlansale?props=10-10&sp1=103&sp3=3&sp4=1849&view=list,https://www.ad.co.il/archive/nadlansale?props=10-10&sp1=103&sp3=3&sp4=1849&view=list,ad.co.il archive,2026-09-12,HISTORICAL_CONTEXT,
asking,ash-v2-inbar5-duplex-historical,source_record_id,DIRECT_ID_NOT_RECOVERED,https://www.ad.co.il/archive/nadlansale?props=10-10&sp1=103&sp3=3&sp4=1849&view=list,ad.co.il archive,2026-09-12,HISTORICAL_CONTEXT,
asking,ash-v2-inbar5-duplex-historical,lat,31.68751,https://www.ad.co.il/archive/nadlansale?props=10-10&sp1=103&sp3=3&sp4=1849&view=list,ad.co.il archive,2026-09-12,HISTORICAL_CONTEXT,
asking,ash-v2-inbar5-duplex-historical,lng,34.57109,https://www.ad.co.il/archive/nadlansale?props=10-10&sp1=103&sp3=3&sp4=1849&view=list,ad.co.il archive,2026-09-12,HISTORICAL_CONTEXT,
asking,ash-v2-inbar5-duplex-historical,coordinate_precision,NEIGHBORHOOD_CENTROID,https://www.ad.co.il/archive/nadlansale?props=10-10&sp1=103&sp3=3&sp4=1849&view=list,ad.co.il archive,2026-09-12,HISTORICAL_CONTEXT,
asking,ash-v2-inbar5-duplex-historical,validation_status,HISTORICAL_CONTEXT,https://www.ad.co.il/archive/nadlansale?props=10-10&sp1=103&sp3=3&sp4=1849&view=list,ad.co.il archive,2026-09-12,HISTORICAL_CONTEXT,
asking,ash-v2-inbar5-duplex-historical,dedupe_status,UNIQUE_OBSERVATION,https://www.ad.co.il/archive/nadlansale?props=10-10&sp1=103&sp3=3&sp4=1849&view=list,ad.co.il archive,2026-09-12,HISTORICAL_CONTEXT,
asking,ash-v2-inbar5-duplex-historical,source_url,https://www.ad.co.il/archive/nadlansale?props=10-10&sp1=103&sp3=3&sp4=1849&view=list,https://www.ad.co.il/archive/nadlansale?props=10-10&sp1=103&sp3=3&sp4=1849&view=list,ad.co.il archive,2026-09-12,HISTORICAL_CONTEXT,
asking,r1-net-dekel-6r160-4290,observed_date,2026-09-11,https://www.yad2.co.il/realestate/forsale/center-and-sharon?propertyGroup=misc&minRooms=6&maxRooms=6&page=66,baseline_source_reobserved,2026-09-12,DERIVED_OBSERVATION_DATE,Observed on retrieval; not claimed as publication date.
asking,r1-net-dekel-6r160-3850,observed_date,2026-09-11,https://www.yad2.co.il/realestate/forsale/center-and-sharon?area=17&city=7400&neighborhood=341&minRooms=4.5&page=2,baseline_source_reobserved,2026-09-12,DERIVED_OBSERVATION_DATE,Observed on retrieval; not claimed as publication date.
asking,r1-net-bnei-reich21-4775,observed_date,2026-09-11,https://www.madlan.co.il/listings/bGX8sM3sDtH,baseline_source_reobserved,2026-09-12,DERIVED_OBSERVATION_DATE,Observed on retrieval; not claimed as publication date.
asking,r1-net-park-garden150-4120,observed_date,2026-09-11,https://www.yad2.co.il/realestate/forsale?topArea=19&area=17&city=7400&neighborhood=341&propertyGroup=apartments&property=3&minRooms=4,baseline_source_reobserved,2026-09-12,DERIVED_OBSERVATION_DATE,Observed on retrieval; not claimed as publication date.
asking,r1-net-park23-penthouse160-4100,observed_date,2026-09-11,https://www.yad2.co.il/realestate/forsale/center-and-sharon?area=17&city=7400&neighborhood=341&minRooms=5,baseline_source_reobserved,2026-09-12,DERIVED_OBSERVATION_DATE,Observed on retrieval; not claimed as publication date.
asking,r1-ash-arie-ben-eliezer-3850,observed_date,2026-09-11,https://www.yad2.co.il/realestate/forsale/south?area=21&property=7,baseline_source_reobserved,2026-09-12,DERIVED_OBSERVATION_DATE,Observed on retrieval; not claimed as publication date.
asking,r1-ash-arie-ben-eliezer-3000,observed_date,2026-09-11,https://www.yad2.co.il/realestate/forsale/south?area=21&city=7100&propertyGroup=apartments&property=7&minRooms=5&maxRooms=5,baseline_source_reobserved,2026-09-12,DERIVED_OBSERVATION_DATE,Observed on retrieval; not claimed as publication date.
asking,r1-ash-kadesh12-penthouse227-2799,observed_date,2026-09-11,https://www.yad2.co.il/realestate/forsale/south?area=21&city=7100&property=6&minRooms=5,baseline_source_reobserved,2026-09-12,DERIVED_OBSERVATION_DATE,Observed on retrieval; not claimed as publication date.
asking,r1-ash-kadesh12-penthouse227-2690,observed_date,2026-09-11,https://www.yad2.co.il/realestate/forsale/south?area=21&city=7100&propertyGroup=apartments&property=6&minRooms=5&maxRooms=5,baseline_source_reobserved,2026-09-12,DERIVED_OBSERVATION_DATE,Observed on retrieval; not claimed as publication date.
sold_context,net-v2-park15-5r159-20251030,record_id,net-v2-park15-5r159-20251030,https://www.yad2.co.il/yad1/project/13271,Yad1 / public transaction mirror,2026-09-12,PRODUCT_TYPE_UNVERIFIED,
sold_context,net-v2-park15-5r159-20251030,relevant_segments,APT39;APT38,https://www.yad2.co.il/yad1/project/13271,Yad1 / public transaction mirror,2026-09-12,PRODUCT_TYPE_UNVERIFIED,
sold_context,net-v2-park15-5r159-20251030,segment_classification,PRODUCT_TYPE_UNVERIFIED,https://www.yad2.co.il/yad1/project/13271,Yad1 / public transaction mirror,2026-09-12,PRODUCT_TYPE_UNVERIFIED,
sold_context,net-v2-park15-5r159-20251030,deal_date,2025-10-30,https://www.yad2.co.il/yad1/project/13271,Yad1 / public transaction mirror,2026-09-12,PRODUCT_TYPE_UNVERIFIED,
sold_context,net-v2-park15-5r159-20251030,deal_amount,4050000,https://www.yad2.co.il/yad1/project/13271,Yad1 / public transaction mirror,2026-09-12,PRODUCT_TYPE_UNVERIFIED,
sold_context,net-v2-park15-5r159-20251030,price_per_sqm,25471.7,https://www.yad2.co.il/yad1/project/13271,Yad1 / public transaction mirror,2026-09-12,PRODUCT_TYPE_UNVERIFIED,
sold_context,net-v2-park15-5r159-20251030,address,"דרך הפארק 15, קריית השרון, נתניה",https://www.yad2.co.il/yad1/project/13271,Yad1 / public transaction mirror,2026-09-12,PRODUCT_TYPE_UNVERIFIED,
sold_context,net-v2-park15-5r159-20251030,city,נתניה,https://www.yad2.co.il/yad1/project/13271,Yad1 / public transaction mirror,2026-09-12,PRODUCT_TYPE_UNVERIFIED,
sold_context,net-v2-park15-5r159-20251030,raw_neighborhood_label,קריית השרון,https://www.yad2.co.il/yad1/project/13271,Yad1 / public transaction mirror,2026-09-12,PRODUCT_TYPE_UNVERIFIED,
sold_context,net-v2-park15-5r159-20251030,normalized_submarket,קריית השרון,https://www.yad2.co.il/yad1/project/13271,Yad1 / public transaction mirror,2026-09-12,PRODUCT_TYPE_UNVERIFIED,
sold_context,net-v2-park15-5r159-20251030,geography_tier,CORE,https://www.yad2.co.il/yad1/project/13271,Yad1 / public transaction mirror,2026-09-12,PRODUCT_TYPE_UNVERIFIED,
sold_context,net-v2-park15-5r159-20251030,tier_reason,Exact target submarket,https://www.yad2.co.il/yad1/project/13271,Yad1 / public transaction mirror,2026-09-12,PRODUCT_TYPE_UNVERIFIED,
sold_context,net-v2-park15-5r159-20251030,rooms,5,https://www.yad2.co.il/yad1/project/13271,Yad1 / public transaction mirror,2026-09-12,PRODUCT_TYPE_UNVERIFIED,
sold_context,net-v2-park15-5r159-20251030,internal_area,159,https://www.yad2.co.il/yad1/project/13271,Yad1 / public transaction mirror,2026-09-12,PRODUCT_TYPE_UNVERIFIED,
sold_context,net-v2-park15-5r159-20251030,product_type,UNKNOWN,https://www.yad2.co.il/yad1/project/13271,Yad1 / public transaction mirror,2026-09-12,PRODUCT_TYPE_UNVERIFIED,
sold_context,net-v2-park15-5r159-20251030,lat,32.30321,https://www.yad2.co.il/yad1/project/13271,Yad1 / public transaction mirror,2026-09-12,PRODUCT_TYPE_UNVERIFIED,
sold_context,net-v2-park15-5r159-20251030,lng,34.87567,https://www.yad2.co.il/yad1/project/13271,Yad1 / public transaction mirror,2026-09-12,PRODUCT_TYPE_UNVERIFIED,
sold_context,net-v2-park15-5r159-20251030,coordinate_precision,NEIGHBORHOOD_CENTROID,https://www.yad2.co.il/yad1/project/13271,Yad1 / public transaction mirror,2026-09-12,PRODUCT_TYPE_UNVERIFIED,
sold_context,net-v2-park15-5r159-20251030,source_name,Yad1 / public transaction mirror,https://www.yad2.co.il/yad1/project/13271,Yad1 / public transaction mirror,2026-09-12,PRODUCT_TYPE_UNVERIFIED,
sold_context,net-v2-park15-5r159-20251030,source_title,Completed transaction near Bereshit/Kiryat Hasharon,https://www.yad2.co.il/yad1/project/13271,Yad1 / public transaction mirror,2026-09-12,PRODUCT_TYPE_UNVERIFIED,
sold_context,net-v2-park15-5r159-20251030,source_url,https://www.yad2.co.il/yad1/project/13271,https://www.yad2.co.il/yad1/project/13271,Yad1 / public transaction mirror,2026-09-12,PRODUCT_TYPE_UNVERIFIED,
sold_context,net-v2-park15-5r159-20251030,source_record_id,דרך-הפארק-15-20251030-5R-159,https://www.yad2.co.il/yad1/project/13271,Yad1 / public transaction mirror,2026-09-12,PRODUCT_TYPE_UNVERIFIED,
sold_context,net-v2-park15-5r159-20251030,retrieved_at,2026-09-12,https://www.yad2.co.il/yad1/project/13271,Yad1 / public transaction mirror,2026-09-12,PRODUCT_TYPE_UNVERIFIED,
sold_context,net-v2-park15-5r159-20251030,validation_status,PRODUCT_TYPE_UNVERIFIED,https://www.yad2.co.il/yad1/project/13271,Yad1 / public transaction mirror,2026-09-12,PRODUCT_TYPE_UNVERIFIED,
